contestant,sport,record,matchup,away_team,home_team,pick_type,pick_text,team,line,units_wagered
TheGambler34,NFL,197-152-2,L.A. Rams @ Chicago Bears,L.A. Rams,Chicago Bears,Total (Under),Under 51.0,Under,51.0,+500
sherriffics,NFL,284-235-6,Buffalo @ Denver,Buffalo,Denver,Spread (ATS),DEN +1.5,DEN,+1.5,+500
sherriffics,NFL,284-235-6,Buffalo @ Denver,Buffalo,Denver,Total (Under),Under 46.5,Under,46.5,+500
simoncald,NFL,291-243-8,Buffalo @ Denver,Buffalo,Denver,Spread (ATS),DEN +1.5,DEN,+1.5,+500
simoncald,NFL,291-243-8,Buffalo @ Denver,Buffalo,Denver,Total (Over),Over 46.5,Over,46.5,+500
quocanh1998,NFL,267-223-8,Buffalo @ Denver,Buffalo,Denver,Spread (ATS),DEN +1.5,DEN,+1.5,+500
quocanh1998,NFL,267-223-8,Buffalo @ Denver,Buffalo,Denver,Total (Over),Over 46.5,Over,46.5,+500
plasma9,NFL,154-121-6,Buffalo @ Denver,Buffalo,Denver,Spread (ATS),DEN +1.5,DEN,+1.5,+500
plasma9,NFL,154-121-6,San Francisco @ Seattle Seahawks,San Francisco,Seattle Seahawks,Spread (ATS),SF +7.0,SF,+7.0,+500
livelywee55,NFL,241-200-4,Buffalo @ Denver,Buffalo,Denver,Spread (ATS),BUF -1.5,BUF,-1.5,+500
livelywee55,NFL,241-200-4,Buffalo @ Denver,Buffalo,Denver,Total (Over),Over 46.5,Over,46.5,+500
livelywee55,NFL,241-200-4,San Francisco @ Seattle Seahawks,San Francisco,Seattle Seahawks,Spread (ATS),SEA -7.0,SEA,-7.0,+500
livelywee55,NFL,241-200-4,San Francisco @ Seattle Seahawks,San Francisco,Seattle Seahawks,Total (Over),Over 45.0,Over,45.0,+500
The-Mad-Capper,NFL,94-67-5,Buffalo @ Denver,Buffalo,Denver,Spread (ATS),DEN +1.5,DEN,+1.5,+500
The-Mad-Capper,NFL,94-67-5,Buffalo @ Denver,Buffalo,Denver,Total (Over),Over 46.5,Over,46.5,+500
ezra401,NFL,36-16-0,Buffalo @ Denver,Buffalo,Denver,Spread (ATS),DEN +1.5,DEN,+1.5,+500
ezra401,NFL,36-16-0,San Francisco @ Seattle Seahawks,San Francisco,Seattle Seahawks,Spread (ATS),SEA -7.0,SEA,-7.0,+500
sunshine11,NFL,72-49-1,Buffalo @ Denver,Buffalo,Denver,Spread (ATS),DEN -1.5,DEN,-1.5,+500
sunshine11,NFL,72-49-1,Buffalo @ Denver,Buffalo,Denver,Total (Over),Over 46.0,Over,46.0,+500
sunshine11,NFL,72-49-1,San Francisco @ Seattle Seahawks,San Francisco,Seattle Seahawks,Spread (ATS),SEA -7.0,SEA,-7.0,+500
sunshine11,NFL,72-49-1,San Francisco @ Seattle Seahawks,San Francisco,Seattle Seahawks,Total (Over),Over 45.0,Over,45.0,+500
patelnydevil289,NFL,263-224-4,Buffalo @ Denver,Buffalo,Denver,Spread (ATS),BUF -1.5,BUF,-1.5,+500
patelnydevil289,NFL,263-224-4,Buffalo @ Denver,Buffalo,Denver,Total (Over),Over 46.5,Over,46.5,+500
patelnydevil289,NFL,263-224-4,San Francisco @ Seattle Seahawks,San Francisco,Seattle Seahawks,Spread (ATS),SEA -7.0,SEA,-7.0,+500
patelnydevil289,NFL,263-224-4,San Francisco @ Seattle Seahawks,San Francisco,Seattle Seahawks,Total (Under),Under 45.0,Under,45.0,+500
fat italian,NFL,297-254-5,Buffalo @ Denver,Buffalo,Denver,Spread (ATS),BUF -1.5,BUF,-1.5,+500
fat italian,NFL,297-254-5,Buffalo @ Denver,Buffalo,Denver,Total (Over),Over 46.5,Over,46.5,+500
fat italian,NFL,297-254-5,San Francisco @ Seattle Seahawks,San Francisco,Seattle Seahawks,Spread (ATS),SF +7.0,SF,+7.0,+500
fat italian,NFL,297-254-5,San Francisco @ Seattle Seahawks,San Francisco,Seattle Seahawks,Total (Over),Over 45.0,Over,45.0,+500
Shooter111,NFL,128-99-1,Houston @ New England,Houston,New England,Total (Under),Under 41.0,Under,41.0,+500
denvedder,NFL,83-60-2,Buffalo @ Denver,Buffalo,Denver,Spread (ATS),BUF +1.5,BUF,+1.5,+500
denvedder,NFL,83-60-2,San Francisco @ Seattle Seahawks,San Francisco,Seattle Seahawks,Spread (ATS),SF +7.0,SF,+7.0,+500
ILOVENFLF2008,NBA,101-61-1,Charlotte @ L.A. Lakers,Charlotte,L.A. Lakers,Spread (ATS),LAL -4.5,LAL,-4.5,+500
skeezers5015,NBA,83-45-3,Memphis Grizzlies @ Orlando,Memphis Grizzlies,Orlando,Spread (ATS),MEM +5.5,MEM,+5.5,+500
jlayne89,NBA,225-177-6,Memphis Grizzlies @ Orlando,Memphis Grizzlies,Orlando,Total (Under),Under 229.5,Under,229.5,+500
jlayne89,NBA,225-177-6,Phoenix @ Detroit,Phoenix,Detroit,Total (Under),Under 223.5,Under,223.5,+300
jlayne89,NBA,225-177-6,Milwaukee @ San Antonio,Milwaukee,San Antonio,Total (Under),Under 226.5,Under,226.5,+500
jlayne89,NBA,225-177-6,Atlanta @ Portland,Atlanta,Portland,Total (Under),Under 230.5,Under,230.5,+500
jlayne89,NBA,225-177-6,Charlotte @ L.A. Lakers,Charlotte,L.A. Lakers,Total (Under),Under 232.5,Under,232.5,+500
hobo,NBA,611-533-17,NY Knicks @ Golden State,NY Knicks,Golden State,Spread (ATS),GS -3.5,GS,-3.5,+500
TopDogMally_,NBA,81-54-1,Memphis Grizzlies @ Orlando,Memphis Grizzlies,Orlando,Spread (ATS),ORL -4.5,ORL,-4.5,+500
Kansas2014,NBA,94-66-0,Oklahoma City @ Houston,Oklahoma City,Houston,Spread (ATS),HOU +4.5,HOU,+4.5,+500
Geo Lazos,NBA,524-457-13,Memphis Grizzlies @ Orlando,Memphis Grizzlies,Orlando,Spread (ATS),MEM +5.5,MEM,+5.5,+500
Geo Lazos,NBA,524-457-13,Memphis Grizzlies @ Orlando,Memphis Grizzlies,Orlando,Total (Over),Over 229.5,Over,229.5,+500
Geo Lazos,NBA,524-457-13,Phoenix @ Detroit,Phoenix,Detroit,Spread (ATS),PHO +6.5,PHO,+6.5,+500
Geo Lazos,NBA,524-457-13,Phoenix @ Detroit,Phoenix,Detroit,Total (Under),Under 223.5,Under,223.5,+500
Geo Lazos,NBA,524-457-13,Oklahoma City @ Houston,Oklahoma City,Houston,Spread (ATS),OKC -5.5,OKC,-5.5,+500
Geo Lazos,NBA,524-457-13,Oklahoma City @ Houston,Oklahoma City,Houston,Total (Over),Over 222.5,Over,222.5,+500
Geo Lazos,NBA,524-457-13,Boston @ Miami,Boston,Miami,Spread (ATS),BOS -2.5,BOS,-2.5,+500
Geo Lazos,NBA,524-457-13,Boston @ Miami,Boston,Miami,Total (Under),Under 235.5,Under,235.5,+500
Geo Lazos,NBA,524-457-13,Milwaukee @ San Antonio,Milwaukee,San Antonio,Spread (ATS),MIL +7.5,MIL,+7.5,+500
Geo Lazos,NBA,524-457-13,Milwaukee @ San Antonio,Milwaukee,San Antonio,Total (Over),Over 225.5,Over,225.5,+500
Geo Lazos,NBA,524-457-13,Utah @ Dallas,Utah,Dallas,Spread (ATS),UTA +2.5,UTA,+2.5,+500
Geo Lazos,NBA,524-457-13,Utah @ Dallas,Utah,Dallas,Total (Under),Under 237.5,Under,237.5,+500
Geo Lazos,NBA,524-457-13,NY Knicks @ Golden State,NY Knicks,Golden State,Spread (ATS),NY +6.5,NY,+6.5,+500
Geo Lazos,NBA,524-457-13,NY Knicks @ Golden State,NY Knicks,Golden State,Total (Under),Under 228.5,Under,228.5,+500
Geo Lazos,NBA,524-457-13,Atlanta @ Portland,Atlanta,Portland,Spread (ATS),ATL -4.5,ATL,-4.5,+500
Geo Lazos,NBA,524-457-13,Atlanta @ Portland,Atlanta,Portland,Total (Under),Under 231.5,Under,231.5,+500
Geo Lazos,NBA,524-457-13,Charlotte @ L.A. Lakers,Charlotte,L.A. Lakers,Spread (ATS),CHA +4.5,CHA,+4.5,+500
Geo Lazos,NBA,524-457-13,Charlotte @ L.A. Lakers,Charlotte,L.A. Lakers,Total (Under),Under 232.5,Under,232.5,+500
bigjohn867,NBA,177-142-4,Memphis Grizzlies @ Orlando,Memphis Grizzlies,Orlando,Spread (ATS),MEM +5.5,MEM,+5.5,+500
bigjohn867,NBA,177-142-4,Phoenix @ Detroit,Phoenix,Detroit,Spread (ATS),PHO +6.5,PHO,+6.5,+500
bigjohn867,NBA,177-142-4,Boston @ Miami,Boston,Miami,Spread (ATS),MIA +1.5,MIA,+1.5,+500
bigjohn867,NBA,177-142-4,Oklahoma City @ Houston,Oklahoma City,Houston,Spread (ATS),HOU +5.5,HOU,+5.5,+500
bigjohn867,NBA,177-142-4,Milwaukee @ San Antonio,Milwaukee,San Antonio,Spread (ATS),MIL +7.5,MIL,+7.5,+500
bigjohn867,NBA,177-142-4,NY Knicks @ Golden State,NY Knicks,Golden State,Spread (ATS),NY +3.5,NY,+3.5,+500
bigjohn867,NBA,177-142-4,Charlotte @ L.A. Lakers,Charlotte,L.A. Lakers,Spread (ATS),CHA +4.5,CHA,+4.5,+500
steeler5,NBA,202-165-11,Memphis Grizzlies @ Orlando,Memphis Grizzlies,Orlando,Spread (ATS),MEM +5.5,MEM,+5.5,+500
steeler5,NBA,202-165-11,Phoenix @ Detroit,Phoenix,Detroit,Spread (ATS),PHO +6.5,PHO,+6.5,+500
steeler5,NBA,202-165-11,Oklahoma City @ Houston,Oklahoma City,Houston,Spread (ATS),HOU +5.5,HOU,+5.5,+500
steeler5,NBA,202-165-11,Boston @ Miami,Boston,Miami,Spread (ATS),MIA +2.5,MIA,+2.5,+500
steeler5,NBA,202-165-11,Milwaukee @ San Antonio,Milwaukee,San Antonio,Spread (ATS),MIL +7.5,MIL,+7.5,+500
steeler5,NBA,202-165-11,Utah @ Dallas,Utah,Dallas,Spread (ATS),UTA +2.5,UTA,+2.5,+500
steeler5,NBA,202-165-11,Atlanta @ Portland,Atlanta,Portland,Spread (ATS),POR +4.5,POR,+4.5,+500
steeler5,NBA,202-165-11,NY Knicks @ Golden State,NY Knicks,Golden State,Spread (ATS),NY +6.5,NY,+6.5,+500
steeler5,NBA,202-165-11,Charlotte @ L.A. Lakers,Charlotte,L.A. Lakers,Spread (ATS),CHA +4.5,CHA,+4.5,+500
decep96,NBA,305-260-12,Memphis Grizzlies @ Orlando,Memphis Grizzlies,Orlando,Spread (ATS),MEM +5.5,MEM,+5.5,+500
decep96,NBA,305-260-12,Phoenix @ Detroit,Phoenix,Detroit,Spread (ATS),PHO +6.5,PHO,+6.5,+500
decep96,NBA,305-260-12,Oklahoma City @ Houston,Oklahoma City,Houston,Spread (ATS),HOU +4.5,HOU,+4.5,+500
decep96,NBA,305-260-12,Boston @ Miami,Boston,Miami,Spread (ATS),MIA +2.5,MIA,+2.5,+500
decep96,NBA,305-260-12,Milwaukee @ San Antonio,Milwaukee,San Antonio,Spread (ATS),MIL +7.5,MIL,+7.5,+500
decep96,NBA,305-260-12,Utah @ Dallas,Utah,Dallas,Spread (ATS),UTA +1.5,UTA,+1.5,+500
decep96,NBA,305-260-12,Atlanta @ Portland,Atlanta,Portland,Spread (ATS),POR +4.5,POR,+4.5,+500
decep96,NBA,305-260-12,NY Knicks @ Golden State,NY Knicks,Golden State,Spread (ATS),NY +6.5,NY,+6.5,+500
decep96,NBA,305-260-12,Charlotte @ L.A. Lakers,Charlotte,L.A. Lakers,Spread (ATS),CHA +4.5,CHA,+4.5,+500
elodoya24,NBA,322-276-13,Phoenix @ Detroit,Phoenix,Detroit,Spread (ATS),PHO +6.5,PHO,+6.5,+500
elodoya24,NBA,322-276-13,Oklahoma City @ Houston,Oklahoma City,Houston,Spread (ATS),HOU +5.5,HOU,+5.5,+500
elodoya24,NBA,322-276-13,NY Knicks @ Golden State,NY Knicks,Golden State,Spread (ATS),NY +3.5,NY,+3.5,+500
interfly,NBA,124-97-3,Memphis Grizzlies @ Orlando,Memphis Grizzlies,Orlando,Spread (ATS),MEM +5.5,MEM,+5.5,+500
dustlc,NBA,218-183-5,Oklahoma City @ Houston,Oklahoma City,Houston,Total (Over),Over 222.5,Over,222.5,+500
dustlc,NBA,218-183-5,Utah @ Dallas,Utah,Dallas,Spread (ATS),DAL -2.5,DAL,-2.5,+500
dustlc,NBA,218-183-5,Charlotte @ L.A. Lakers,Charlotte,L.A. Lakers,Spread (ATS),LAL -4.5,LAL,-4.5,+500
LatinoGambler,NBA,252-214-5,Memphis Grizzlies @ Orlando,Memphis Grizzlies,Orlando,Spread (ATS),MEM +5.5,MEM,+5.5,+500
LatinoGambler,NBA,252-214-5,Memphis Grizzlies @ Orlando,Memphis Grizzlies,Orlando,Total (Under),Under 229.5,Under,229.5,+500
LatinoGambler,NBA,252-214-5,Boston @ Miami,Boston,Miami,Total (Under),Under 233.5,Under,233.5,+500
LatinoGambler,NBA,252-214-5,Oklahoma City @ Houston,Oklahoma City,Houston,Spread (ATS),OKC -5.5,OKC,-5.5,+500
LatinoGambler,NBA,252-214-5,Atlanta @ Portland,Atlanta,Portland,Total (Over),Over 231.5,Over,231.5,+500
LatinoGambler,NBA,252-214-5,Charlotte @ L.A. Lakers,Charlotte,L.A. Lakers,Spread (ATS),CHA +4.5,CHA,+4.5,+500
caesar,NBA,93-70-0,Memphis Grizzlies @ Orlando,Memphis Grizzlies,Orlando,Spread (ATS),ORL -5.5,ORL,-5.5,+500
caesar,NBA,93-70-0,Phoenix @ Detroit,Phoenix,Detroit,Spread (ATS),DET -5.5,DET,-5.5,+500
caesar,NBA,93-70-0,Boston @ Miami,Boston,Miami,Spread (ATS),MIA +2.5,MIA,+2.5,+500
talco50,NBA,231-196-7,Memphis Grizzlies @ Orlando,Memphis Grizzlies,Orlando,Total (Under),Under 229.5,Under,229.5,+500
talco50,NBA,231-196-7,Phoenix @ Detroit,Phoenix,Detroit,Spread (ATS),PHO +6.5,PHO,+6.5,+500
talco50,NBA,231-196-7,Phoenix @ Detroit,Phoenix,Detroit,Total (Under),Under 222.5,Under,222.5,+500
talco50,NBA,231-196-7,Oklahoma City @ Houston,Oklahoma City,Houston,Total (Under),Under 222.5,Under,222.5,+500
talco50,NBA,231-196-7,Boston @ Miami,Boston,Miami,Total (Under),Under 234.5,Under,234.5,+500
talco50,NBA,231-196-7,Milwaukee @ San Antonio,Milwaukee,San Antonio,Spread (ATS),MIL +7.5,MIL,+7.5,+500
talco50,NBA,231-196-7,Milwaukee @ San Antonio,Milwaukee,San Antonio,Total (Under),Under 226.5,Under,226.5,+500
talco50,NBA,231-196-7,Utah @ Dallas,Utah,Dallas,Spread (ATS),DAL +1.5,DAL,+1.5,+500
talco50,NBA,231-196-7,Utah @ Dallas,Utah,Dallas,Total (Under),Under 236.5,Under,236.5,+500
talco50,NBA,231-196-7,Atlanta @ Portland,Atlanta,Portland,Total (Under),Under 230.5,Under,230.5,+500
talco50,NBA,231-196-7,NY Knicks @ Golden State,NY Knicks,Golden State,Total (Under),Under 227.5,Under,227.5,+500
talco50,NBA,231-196-7,Charlotte @ L.A. Lakers,Charlotte,L.A. Lakers,Total (Under),Under 232.5,Under,232.5,+500
ewatson15,NBA,282-243-15,Memphis Grizzlies @ Orlando,Memphis Grizzlies,Orlando,Spread (ATS),MEM +5.5,MEM,+5.5,+500
ewatson15,NBA,282-243-15,Phoenix @ Detroit,Phoenix,Detroit,Spread (ATS),PHO +7.5,PHO,+7.5,+500
ewatson15,NBA,282-243-15,Boston @ Miami,Boston,Miami,Spread (ATS),MIA +1.5,MIA,+1.5,+500
ewatson15,NBA,282-243-15,Oklahoma City @ Houston,Oklahoma City,Houston,Spread (ATS),HOU +4.5,HOU,+4.5,+500
ewatson15,NBA,282-243-15,Milwaukee @ San Antonio,Milwaukee,San Antonio,Spread (ATS),MIL +7.5,MIL,+7.5,+500
ewatson15,NBA,282-243-15,Utah @ Dallas,Utah,Dallas,Spread (ATS),DAL +1.5,DAL,+1.5,+500
ewatson15,NBA,282-243-15,Atlanta @ Portland,Atlanta,Portland,Spread (ATS),POR +4.5,POR,+4.5,+500
ewatson15,NBA,282-243-15,NY Knicks @ Golden State,NY Knicks,Golden State,Spread (ATS),NY +7.5,NY,+7.5,+500
ewatson15,NBA,282-243-15,Charlotte @ L.A. Lakers,Charlotte,L.A. Lakers,Spread (ATS),CHA +4.5,CHA,+4.5,+500
BADDGUY1956,NBA,184-154-2,Milwaukee @ Atlanta,Milwaukee,Atlanta,Spread (ATS),MIL +5.5,MIL,+5.5,+500
BADDGUY1956,NBA,184-154-2,Milwaukee @ Atlanta,Milwaukee,Atlanta,Total (Over),Over 225.5,Over,225.5,+500
BADDGUY1956,NBA,184-154-2,Dallas @ NY Knicks,Dallas,NY Knicks,Spread (ATS),DAL +6.5,DAL,+6.5,+500
BADDGUY1956,NBA,184-154-2,Dallas @ NY Knicks,Dallas,NY Knicks,Total (Over),Over 227.5,Over,227.5,+500
BADDGUY1956,NBA,184-154-2,Boston @ Detroit,Boston,Detroit,Spread (ATS),BOS +4.5,BOS,+4.5,+500
BADDGUY1956,NBA,184-154-2,Boston @ Detroit,Boston,Detroit,Total (Over),Over 227.5,Over,227.5,+500
ghostriderjeff,NBA,234-200-6,Milwaukee @ Atlanta,Milwaukee,Atlanta,Spread (ATS),MIL +5.5,MIL,+5.5,+500
ghostriderjeff,NBA,234-200-6,Dallas @ NY Knicks,Dallas,NY Knicks,Spread (ATS),NY -6.5,NY,-6.5,+500
ghostriderjeff,NBA,234-200-6,Boston @ Detroit,Boston,Detroit,Spread (ATS),BOS +4.5,BOS,+4.5,+500
rick68,NBA,158-131-8,Dallas @ NY Knicks,Dallas,NY Knicks,Spread (ATS),NY -6.5,NY,-6.5,+500
dsinton,NBA,40-24-1,Phoenix @ Detroit,Phoenix,Detroit,Spread (ATS),PHO +6.5,PHO,+6.5,+500
dsinton,NBA,40-24-1,Oklahoma City @ Houston,Oklahoma City,Houston,Spread (ATS),HOU +5.5,HOU,+5.5,+500
Rambone,NBA,287-243-9,Memphis Grizzlies @ Orlando,Memphis Grizzlies,Orlando,Spread (ATS),MEM +5.5,MEM,+5.5,+100
Rambone,NBA,287-243-9,Memphis Grizzlies @ Orlando,Memphis Grizzlies,Orlando,Total (Over),Over 229.5,Over,229.5,+100
Rambone,NBA,287-243-9,Phoenix @ Detroit,Phoenix,Detroit,Spread (ATS),PHO +5.5,PHO,+5.5,+100
Rambone,NBA,287-243-9,Oklahoma City @ Houston,Oklahoma City,Houston,Spread (ATS),OKC -5.5,OKC,-5.5,+300
Rambone,NBA,287-243-9,Oklahoma City @ Houston,Oklahoma City,Houston,Total (Over),Over 221.5,Over,221.5,+300
Rambone,NBA,287-243-9,Milwaukee @ San Antonio,Milwaukee,San Antonio,Spread (ATS),SA -7.5,SA,-7.5,+400
Rambone,NBA,287-243-9,Milwaukee @ San Antonio,Milwaukee,San Antonio,Total (Over),Over 225.5,Over,225.5,+400
Rambone,NBA,287-243-9,Utah @ Dallas,Utah,Dallas,Spread (ATS),DAL -2.5,DAL,-2.5,+300
Rambone,NBA,287-243-9,Utah @ Dallas,Utah,Dallas,Total (Under),Under 238.5,Under,238.5,+300
Rambone,NBA,287-243-9,Charlotte @ L.A. Lakers,Charlotte,L.A. Lakers,Spread (ATS),LAL -4.5,LAL,-4.5,+300
Rambone,NBA,287-243-9,Charlotte @ L.A. Lakers,Charlotte,L.A. Lakers,Total (Under),Under 233.5,Under,233.5,+300
jksteel,NHL,305-286-7,Montreal @ Buffalo,Montreal,Buffalo,Moneyline,BUF +111,BUF,+111,+500
jksteel,NHL,305-286-7,Montreal @ Buffalo,Montreal,Buffalo,Total (Over),Over 6.5,Over,6.5,+500
jksteel,NHL,305-286-7,San Jose @ Washington,San Jose,Washington,Total (Over),Over 6.5,Over,6.5,+500
skunty4,NHL,370-375-4,San Jose @ Washington,San Jose,Washington,Moneyline,SJ +154,SJ,+154,+500
skunty4,NHL,370-375-4,Winnipeg Jets @ Minnesota,Winnipeg Jets,Minnesota,Moneyline,WIN +127,WIN,+127,+500
skunty4,NHL,370-375-4,Toronto @ Vegas Golden Knights,Toronto,Vegas Golden Knights,Moneyline,TOR +124,TOR,+124,+500
SportsFreak69,NHL,243-274-0,Vancouver @ Columbus,Vancouver,Columbus,Moneyline,VAN +143,VAN,+143,+500
SportsFreak69,NHL,243-274-0,San Jose @ Washington,San Jose,Washington,Moneyline,SJ +171,SJ,+171,+500
SportsFreak69,NHL,243-274-0,Philadelphia @ Pittsburgh,Philadelphia,Pittsburgh,Moneyline,PHI +138,PHI,+138,+500
SportsFreak69,NHL,243-274-0,Winnipeg Jets @ Minnesota,Winnipeg Jets,Minnesota,Moneyline,WIN +133,WIN,+133,+500
SportsFreak69,NHL,243-274-0,Seattle @ Boston,Seattle,Boston,Moneyline,SEA +142,SEA,+142,+500
SportsFreak69,NHL,243-274-0,NY Islanders @ Edmonton,NY Islanders,Edmonton,Moneyline,NYI +152,NYI,+152,+500
SportsFreak69,NHL,243-274-0,Toronto @ Vegas Golden Knights,Toronto,Vegas Golden Knights,Moneyline,TOR +117,TOR,+117,+500
Genghis518,NHL,492-487-22,Vancouver @ Columbus,Vancouver,Columbus,Moneyline,VAN +150,VAN,+150,+500
Genghis518,NHL,492-487-22,Vancouver @ Columbus,Vancouver,Columbus,Total (Over),Over 6.5,Over,6.5,+500
Genghis518,NHL,492-487-22,Philadelphia @ Pittsburgh,Philadelphia,Pittsburgh,Moneyline,PHI +131,PHI,+131,+500
Genghis518,NHL,492-487-22,Philadelphia @ Pittsburgh,Philadelphia,Pittsburgh,Total (Over),Over 6.0,Over,6.0,+500
Genghis518,NHL,492-487-22,Montreal @ Buffalo,Montreal,Buffalo,Moneyline,BUF +104,BUF,+104,+500
Genghis518,NHL,492-487-22,Montreal @ Buffalo,Montreal,Buffalo,Total (Over),Over 6.0,Over,6.0,+500
Genghis518,NHL,492-487-22,San Jose @ Washington,San Jose,Washington,Moneyline,SJ +164,SJ,+164,+500
Genghis518,NHL,492-487-22,San Jose @ Washington,San Jose,Washington,Total (Over),Over 6.5,Over,6.5,+500
Genghis518,NHL,492-487-22,Seattle @ Boston,Seattle,Boston,Moneyline,SEA +148,SEA,+148,+500
Genghis518,NHL,492-487-22,Seattle @ Boston,Seattle,Boston,Total (Over),Over 6.0,Over,6.0,+500
Genghis518,NHL,492-487-22,Winnipeg Jets @ Minnesota,Winnipeg Jets,Minnesota,Moneyline,WIN +134,WIN,+134,+500
Genghis518,NHL,492-487-22,Winnipeg Jets @ Minnesota,Winnipeg Jets,Minnesota,Total (Over),Over 6.0,Over,6.0,+500
Genghis518,NHL,492-487-22,Calgary @ Chicago Blackhawks,Calgary,Chicago Blackhawks,Spread (ATS),CAL +100,CAL,+100,+500
Genghis518,NHL,492-487-22,Calgary @ Chicago Blackhawks,Calgary,Chicago Blackhawks,Total (Over),Over 6.0,Over,6.0,+500
Genghis518,NHL,492-487-22,Dallas @ Utah,Dallas,Utah,Total (Over),Over 6.0,Over,6.0,+500
Genghis518,NHL,492-487-22,NY Islanders @ Edmonton,NY Islanders,Edmonton,Moneyline,NYI +152,NYI,+152,+500
Genghis518,NHL,492-487-22,NY Islanders @ Edmonton,NY Islanders,Edmonton,Total (Over),Over 6.5,Over,6.5,+500
Genghis518,NHL,492-487-22,Toronto @ Vegas Golden Knights,Toronto,Vegas Golden Knights,Moneyline,TOR +124,TOR,+124,+500
Genghis518,NHL,492-487-22,Toronto @ Vegas Golden Knights,Toronto,Vegas Golden Knights,Total (Over),Over 6.5,Over,6.5,+500
MartinK,NHL,305-328-4,Vancouver @ Columbus,Vancouver,Columbus,Moneyline,VAN +139,VAN,+139,+500
MartinK,NHL,305-328-4,San Jose @ Washington,San Jose,Washington,Moneyline,SJ +158,SJ,+158,+500
MartinK,NHL,305-328-4,Montreal @ Buffalo,Montreal,Buffalo,Moneyline,BUF +112,BUF,+112,+500
MartinK,NHL,305-328-4,Philadelphia @ Pittsburgh,Philadelphia,Pittsburgh,Moneyline,PHI +153,PHI,+153,+500
MartinK,NHL,305-328-4,Winnipeg Jets @ Minnesota,Winnipeg Jets,Minnesota,Moneyline,WIN +125,WIN,+125,+500
MartinK,NHL,305-328-4,Seattle @ Boston,Seattle,Boston,Moneyline,SEA +157,SEA,+157,+500
MartinK,NHL,305-328-4,Calgary @ Chicago Blackhawks,Calgary,Chicago Blackhawks,Moneyline,CAL +103,CAL,+103,+500
MartinK,NHL,305-328-4,Dallas @ Utah,Dallas,Utah,Spread (ATS),DAL +100,DAL,+100,+500
MartinK,NHL,305-328-4,NY Islanders @ Edmonton,NY Islanders,Edmonton,Moneyline,NYI +145,NYI,+145,+500
MartinK,NHL,305-328-4,Toronto @ Vegas Golden Knights,Toronto,Vegas Golden Knights,Moneyline,TOR +124,TOR,+124,+500
dogeatdog,NHL,232-260-1,Montreal @ Buffalo,Montreal,Buffalo,Moneyline,BUF +111,BUF,+111,+500
dogeatdog,NHL,232-260-1,San Jose @ Washington,San Jose,Washington,Moneyline,SJ +156,SJ,+156,+500
dogeatdog,NHL,232-260-1,Philadelphia @ Pittsburgh,Philadelphia,Pittsburgh,Moneyline,PIT -166,PIT,-166,+500
dogeatdog,NHL,232-260-1,Vancouver @ Columbus,Vancouver,Columbus,Moneyline,VAN +142,VAN,+142,+500
dogeatdog,NHL,232-260-1,Winnipeg Jets @ Minnesota,Winnipeg Jets,Minnesota,Moneyline,WIN +123,WIN,+123,+500
dogeatdog,NHL,232-260-1,Seattle @ Boston,Seattle,Boston,Moneyline,SEA +150,SEA,+150,+500
dogeatdog,NHL,232-260-1,Calgary @ Chicago Blackhawks,Calgary,Chicago Blackhawks,Moneyline,CAL +108,CAL,+108,+500
dogeatdog,NHL,232-260-1,NY Islanders @ Edmonton,NY Islanders,Edmonton,Moneyline,NYI +139,NYI,+139,+500
dogeatdog,NHL,232-260-1,Dallas @ Utah,Dallas,Utah,Spread (ATS),DAL +100,DAL,+100,+500
dogeatdog,NHL,232-260-1,Toronto @ Vegas Golden Knights,Toronto,Vegas Golden Knights,Moneyline,TOR +119,TOR,+119,+500
BundiniBrown,NHL,237-220-2,San Jose @ Washington,San Jose,Washington,Moneyline,SJ +156,SJ,+156,+500
BundiniBrown,NHL,237-220-2,San Jose @ Washington,San Jose,Washington,Total (Over),Over 6.5,Over,6.5,+500
BundiniBrown,NHL,237-220-2,Philadelphia @ Pittsburgh,Philadelphia,Pittsburgh,Total (Under),Under 6.5,Under,6.5,+500
BundiniBrown,NHL,237-220-2,Vancouver @ Columbus,Vancouver,Columbus,Moneyline,VAN +134,VAN,+134,+500
BundiniBrown,NHL,237-220-2,Winnipeg Jets @ Minnesota,Winnipeg Jets,Minnesota,Moneyline,WIN +120,WIN,+120,+500
BundiniBrown,NHL,237-220-2,NY Islanders @ Edmonton,NY Islanders,Edmonton,Moneyline,NYI +145,NYI,+145,+500
BundiniBrown,NHL,237-220-2,Toronto @ Vegas Golden Knights,Toronto,Vegas Golden Knights,Total (Under),Under 6.5,Under,6.5,+500
TNtoTX,NHL,640-656-39,Philadelphia @ Pittsburgh,Philadelphia,Pittsburgh,Moneyline,PHI +142,PHI,+142,+500
TNtoTX,NHL,640-656-39,Philadelphia @ Pittsburgh,Philadelphia,Pittsburgh,Total (Over),Over 6.0,Over,6.0,+500
TNtoTX,NHL,640-656-39,Vancouver @ Columbus,Vancouver,Columbus,Moneyline,VAN +143,VAN,+143,+500
TNtoTX,NHL,640-656-39,Vancouver @ Columbus,Vancouver,Columbus,Total (Over),Over 6.5,Over,6.5,+500
TNtoTX,NHL,640-656-39,Montreal @ Buffalo,Montreal,Buffalo,Moneyline,BUF +106,BUF,+106,+500
TNtoTX,NHL,640-656-39,Montreal @ Buffalo,Montreal,Buffalo,Total (Over),Over 6.5,Over,6.5,+500
TNtoTX,NHL,640-656-39,San Jose @ Washington,San Jose,Washington,Moneyline,SJ +153,SJ,+153,+500
TNtoTX,NHL,640-656-39,San Jose @ Washington,San Jose,Washington,Total (Over),Over 6.5,Over,6.5,+500
TNtoTX,NHL,640-656-39,Winnipeg Jets @ Minnesota,Winnipeg Jets,Minnesota,Moneyline,WIN +125,WIN,+125,+500
TNtoTX,NHL,640-656-39,Winnipeg Jets @ Minnesota,Winnipeg Jets,Minnesota,Total (Over),Over 6.0,Over,6.0,+500
TNtoTX,NHL,640-656-39,Seattle @ Boston,Seattle,Boston,Moneyline,SEA +146,SEA,+146,+500
TNtoTX,NHL,640-656-39,Seattle @ Boston,Seattle,Boston,Total (Over),Over 6.0,Over,6.0,+500
TNtoTX,NHL,640-656-39,Calgary @ Chicago Blackhawks,Calgary,Chicago Blackhawks,Moneyline,CAL +103,CAL,+103,+500
TNtoTX,NHL,640-656-39,Calgary @ Chicago Blackhawks,Calgary,Chicago Blackhawks,Total (Over),Over 6.0,Over,6.0,+500
TNtoTX,NHL,640-656-39,NY Islanders @ Edmonton,NY Islanders,Edmonton,Moneyline,NYI +141,NYI,+141,+500
TNtoTX,NHL,640-656-39,NY Islanders @ Edmonton,NY Islanders,Edmonton,Total (Over),Over 6.5,Over,6.5,+500
TNtoTX,NHL,640-656-39,Dallas @ Utah,Dallas,Utah,Total (Over),Over 6.0,Over,6.0,+500
TNtoTX,NHL,640-656-39,Toronto @ Vegas Golden Knights,Toronto,Vegas Golden Knights,Moneyline,TOR +124,TOR,+124,+500
TNtoTX,NHL,640-656-39,Toronto @ Vegas Golden Knights,Toronto,Vegas Golden Knights,Total (Over),Over 6.5,Over,6.5,+500
JayAcosta20,NHL,649-661-32,Vancouver @ Columbus,Vancouver,Columbus,Moneyline,VAN +142,VAN,+142,+500
JayAcosta20,NHL,649-661-32,Vancouver @ Columbus,Vancouver,Columbus,Total (Under),Under 6.5,Under,6.5,+500
JayAcosta20,NHL,649-661-32,Philadelphia @ Pittsburgh,Philadelphia,Pittsburgh,Moneyline,PHI +149,PHI,+149,+500
JayAcosta20,NHL,649-661-32,Philadelphia @ Pittsburgh,Philadelphia,Pittsburgh,Total (Under),Under 6.5,Under,6.5,+500
JayAcosta20,NHL,649-661-32,San Jose @ Washington,San Jose,Washington,Moneyline,SJ +156,SJ,+156,+500
JayAcosta20,NHL,649-661-32,San Jose @ Washington,San Jose,Washington,Total (Over),Over 6.5,Over,6.5,+500
JayAcosta20,NHL,649-661-32,Montreal @ Buffalo,Montreal,Buffalo,Moneyline,BUF +111,BUF,+111,+500
JayAcosta20,NHL,649-661-32,Montreal @ Buffalo,Montreal,Buffalo,Total (Over),Over 6.5,Over,6.5,+500
JayAcosta20,NHL,649-661-32,Seattle @ Boston,Seattle,Boston,Moneyline,SEA +150,SEA,+150,+500
JayAcosta20,NHL,649-661-32,Seattle @ Boston,Seattle,Boston,Total (Over),Over 6.0,Over,6.0,+500
JayAcosta20,NHL,649-661-32,Winnipeg Jets @ Minnesota,Winnipeg Jets,Minnesota,Moneyline,WIN +123,WIN,+123,+500
JayAcosta20,NHL,649-661-32,Winnipeg Jets @ Minnesota,Winnipeg Jets,Minnesota,Total (Under),Under 6.0,Under,6.0,+500
JayAcosta20,NHL,649-661-32,Calgary @ Chicago Blackhawks,Calgary,Chicago Blackhawks,Moneyline,CAL +108,CAL,+108,+500
JayAcosta20,NHL,649-661-32,Calgary @ Chicago Blackhawks,Calgary,Chicago Blackhawks,Total (Over),Over 6.0,Over,6.0,+500
JayAcosta20,NHL,649-661-32,Dallas @ Utah,Dallas,Utah,Spread (ATS),DAL +100,DAL,+100,+500
JayAcosta20,NHL,649-661-32,Dallas @ Utah,Dallas,Utah,Total (Over),Over 6.0,Over,6.0,+500
JayAcosta20,NHL,649-661-32,NY Islanders @ Edmonton,NY Islanders,Edmonton,Moneyline,NYI +139,NYI,+139,+500
JayAcosta20,NHL,649-661-32,NY Islanders @ Edmonton,NY Islanders,Edmonton,Total (Under),Under 6.5,Under,6.5,+500
JayAcosta20,NHL,649-661-32,Toronto @ Vegas Golden Knights,Toronto,Vegas Golden Knights,Moneyline,TOR +119,TOR,+119,+500
JayAcosta20,NHL,649-661-32,Toronto @ Vegas Golden Knights,Toronto,Vegas Golden Knights,Total (Under),Under 6.5,Under,6.5,+500
roxwawy20,NHL,533-449-25,San Jose @ Washington,San Jose,Washington,Total (Over),Over 6.5,Over,6.5,+500
roxwawy20,NHL,533-449-25,Philadelphia @ Pittsburgh,Philadelphia,Pittsburgh,Moneyline,PIT -171,PIT,-171,+500
roxwawy20,NHL,533-449-25,Vancouver @ Columbus,Vancouver,Columbus,Moneyline,CLB -156,CLB,-156,+500
roxwawy20,NHL,533-449-25,Vancouver @ Columbus,Vancouver,Columbus,Total (Over),Over 6.5,Over,6.5,+500
roxwawy20,NHL,533-449-25,Calgary @ Chicago Blackhawks,Calgary,Chicago Blackhawks,Moneyline,CHI -113,CHI,-113,+500
roxwawy20,NHL,533-449-25,Toronto @ Vegas Golden Knights,Toronto,Vegas Golden Knights,Moneyline,VEG -137,VEG,-137,+500
fadepublic14,NHL,661-628-37,Montreal @ Buffalo,Montreal,Buffalo,Moneyline,BUF +101,BUF,+101,+500
fadepublic14,NHL,661-628-37,Montreal @ Buffalo,Montreal,Buffalo,Total (Under),Under 6.5,Under,6.5,+500
fadepublic14,NHL,661-628-37,Philadelphia @ Pittsburgh,Philadelphia,Pittsburgh,Moneyline,PHI +138,PHI,+138,+500
fadepublic14,NHL,661-628-37,Philadelphia @ Pittsburgh,Philadelphia,Pittsburgh,Total (Under),Under 6.0,Under,6.0,+500
fadepublic14,NHL,661-628-37,Vancouver @ Columbus,Vancouver,Columbus,Moneyline,VAN +143,VAN,+143,+500
fadepublic14,NHL,661-628-37,Vancouver @ Columbus,Vancouver,Columbus,Total (Over),Over 6.5,Over,6.5,+500
fadepublic14,NHL,661-628-37,San Jose @ Washington,San Jose,Washington,Moneyline,SJ +171,SJ,+171,+500
fadepublic14,NHL,661-628-37,San Jose @ Washington,San Jose,Washington,Total (Over),Over 6.5,Over,6.5,+500
fadepublic14,NHL,661-628-37,Winnipeg Jets @ Minnesota,Winnipeg Jets,Minnesota,Moneyline,WIN +133,WIN,+133,+500
fadepublic14,NHL,661-628-37,Winnipeg Jets @ Minnesota,Winnipeg Jets,Minnesota,Total (Over),Over 6.0,Over,6.0,+500
fadepublic14,NHL,661-628-37,Seattle @ Boston,Seattle,Boston,Moneyline,SEA +142,SEA,+142,+500
fadepublic14,NHL,661-628-37,Seattle @ Boston,Seattle,Boston,Total (Over),Over 6.0,Over,6.0,+500
fadepublic14,NHL,661-628-37,Calgary @ Chicago Blackhawks,Calgary,Chicago Blackhawks,Moneyline,CAL +102,CAL,+102,+500
fadepublic14,NHL,661-628-37,Calgary @ Chicago Blackhawks,Calgary,Chicago Blackhawks,Total (Over),Over 6.0,Over,6.0,+500
fadepublic14,NHL,661-628-37,NY Islanders @ Edmonton,NY Islanders,Edmonton,Moneyline,NYI +153,NYI,+153,+500
fadepublic14,NHL,661-628-37,NY Islanders @ Edmonton,NY Islanders,Edmonton,Total (Under),Under 6.5,Under,6.5,+500
fadepublic14,NHL,661-628-37,Dallas @ Utah,Dallas,Utah,Moneyline,DAL -106,DAL,-106,+500
fadepublic14,NHL,661-628-37,Dallas @ Utah,Dallas,Utah,Total (Over),Over 6.0,Over,6.0,+500
fadepublic14,NHL,661-628-37,Toronto @ Vegas Golden Knights,Toronto,Vegas Golden Knights,Moneyline,TOR +117,TOR,+117,+500
fadepublic14,NHL,661-628-37,Toronto @ Vegas Golden Knights,Toronto,Vegas Golden Knights,Total (Under),Under 6.5,Under,6.5,+500
Caseydonwon,NHL,185-198-0,Montreal @ Buffalo,Montreal,Buffalo,Moneyline,BUF +106,BUF,+106,+500
Caseydonwon,NHL,185-198-0,San Jose @ Washington,San Jose,Washington,Moneyline,SJ +153,SJ,+153,+500
Caseydonwon,NHL,185-198-0,Philadelphia @ Pittsburgh,Philadelphia,Pittsburgh,Moneyline,PHI +142,PHI,+142,+500
Caseydonwon,NHL,185-198-0,Vancouver @ Columbus,Vancouver,Columbus,Moneyline,VAN +143,VAN,+143,+500
Caseydonwon,NHL,185-198-0,Winnipeg Jets @ Minnesota,Winnipeg Jets,Minnesota,Moneyline,WIN +127,WIN,+127,+500
Caseydonwon,NHL,185-198-0,Seattle @ Boston,Seattle,Boston,Moneyline,SEA +146,SEA,+146,+500
Caseydonwon,NHL,185-198-0,Calgary @ Chicago Blackhawks,Calgary,Chicago Blackhawks,Moneyline,CAL +103,CAL,+103,+500
Caseydonwon,NHL,185-198-0,NY Islanders @ Edmonton,NY Islanders,Edmonton,Moneyline,NYI +141,NYI,+141,+500
Caseydonwon,NHL,185-198-0,Toronto @ Vegas Golden Knights,Toronto,Vegas Golden Knights,Moneyline,TOR +124,TOR,+124,+500
sherriffics,NHL,637-553-30,Philadelphia @ Pittsburgh,Philadelphia,Pittsburgh,Moneyline,PHI +135,PHI,+135,+500
sherriffics,NHL,637-553-30,Philadelphia @ Pittsburgh,Philadelphia,Pittsburgh,Total (Over),Over 6.0,Over,6.0,+500
sherriffics,NHL,637-553-30,San Jose @ Washington,San Jose,Washington,Moneyline,SJ +170,SJ,+170,+500
sherriffics,NHL,637-553-30,San Jose @ Washington,San Jose,Washington,Total (Over),Over 6.5,Over,6.5,+500
sherriffics,NHL,637-553-30,Montreal @ Buffalo,Montreal,Buffalo,Moneyline,BUF -101,BUF,-101,+500
sherriffics,NHL,637-553-30,Montreal @ Buffalo,Montreal,Buffalo,Total (Over),Over 6.5,Over,6.5,+500
sherriffics,NHL,637-553-30,Vancouver @ Columbus,Vancouver,Columbus,Moneyline,VAN +142,VAN,+142,+500
sherriffics,NHL,637-553-30,Vancouver @ Columbus,Vancouver,Columbus,Total (Over),Over 6.5,Over,6.5,+500
sherriffics,NHL,637-553-30,Seattle @ Boston,Seattle,Boston,Moneyline,SEA +137,SEA,+137,+500
sherriffics,NHL,637-553-30,Seattle @ Boston,Seattle,Boston,Total (Over),Over 6.0,Over,6.0,+500
sherriffics,NHL,637-553-30,Winnipeg Jets @ Minnesota,Winnipeg Jets,Minnesota,Moneyline,WIN +133,WIN,+133,+500
sherriffics,NHL,637-553-30,Winnipeg Jets @ Minnesota,Winnipeg Jets,Minnesota,Total (Over),Over 6.0,Over,6.0,+500
sherriffics,NHL,637-553-30,Calgary @ Chicago Blackhawks,Calgary,Chicago Blackhawks,Moneyline,CAL +102,CAL,+102,+500
sherriffics,NHL,637-553-30,Calgary @ Chicago Blackhawks,Calgary,Chicago Blackhawks,Total (Over),Over 6.0,Over,6.0,+500
sherriffics,NHL,637-553-30,Dallas @ Utah,Dallas,Utah,Moneyline,DAL -106,DAL,-106,+500
sherriffics,NHL,637-553-30,Dallas @ Utah,Dallas,Utah,Total (Over),Over 6.0,Over,6.0,+500
sherriffics,NHL,637-553-30,NY Islanders @ Edmonton,NY Islanders,Edmonton,Moneyline,NYI +151,NYI,+151,+500
sherriffics,NHL,637-553-30,NY Islanders @ Edmonton,NY Islanders,Edmonton,Total (Over),Over 6.5,Over,6.5,+500
sherriffics,NHL,637-553-30,Toronto @ Vegas Golden Knights,Toronto,Vegas Golden Knights,Moneyline,TOR +113,TOR,+113,+500
sherriffics,NHL,637-553-30,Toronto @ Vegas Golden Knights,Toronto,Vegas Golden Knights,Total (Over),Over 6.5,Over,6.5,+500
AMOZONS,NHL,406-371-3,Montreal @ Buffalo,Montreal,Buffalo,Moneyline,BUF +111,BUF,+111,+500
AMOZONS,NHL,406-371-3,San Jose @ Washington,San Jose,Washington,Moneyline,SJ +156,SJ,+156,+500
AMOZONS,NHL,406-371-3,Vancouver @ Columbus,Vancouver,Columbus,Moneyline,CLB -156,CLB,-156,+500
AMOZONS,NHL,406-371-3,Philadelphia @ Pittsburgh,Philadelphia,Pittsburgh,Moneyline,PIT -171,PIT,-171,+500
AMOZONS,NHL,406-371-3,Winnipeg Jets @ Minnesota,Winnipeg Jets,Minnesota,Moneyline,WIN +118,WIN,+118,+500
AMOZONS,NHL,406-371-3,Seattle @ Boston,Seattle,Boston,Moneyline,BOS -175,BOS,-175,+500
AMOZONS,NHL,406-371-3,Calgary @ Chicago Blackhawks,Calgary,Chicago Blackhawks,Moneyline,CHI -113,CHI,-113,+500
AMOZONS,NHL,406-371-3,NY Islanders @ Edmonton,NY Islanders,Edmonton,Moneyline,EDM -160,EDM,-160,+500
AMOZONS,NHL,406-371-3,Dallas @ Utah,Dallas,Utah,Moneyline,UTAH -110,UTAH,-110,+500
AMOZONS,NHL,406-371-3,Toronto @ Vegas Golden Knights,Toronto,Vegas Golden Knights,Moneyline,TOR +124,TOR,+124,+500
dberry963,NHL,300-350-1,Philadelphia @ Pittsburgh,Philadelphia,Pittsburgh,Moneyline,PHI +131,PHI,+131,+500
dberry963,NHL,300-350-1,Vancouver @ Columbus,Vancouver,Columbus,Moneyline,VAN +141,VAN,+141,+500
dberry963,NHL,300-350-1,Montreal @ Buffalo,Montreal,Buffalo,Moneyline,BUF -101,BUF,-101,+500
dberry963,NHL,300-350-1,San Jose @ Washington,San Jose,Washington,Moneyline,SJ +170,SJ,+170,+500
dberry963,NHL,300-350-1,Winnipeg Jets @ Minnesota,Winnipeg Jets,Minnesota,Moneyline,WIN +134,WIN,+134,+500
dberry963,NHL,300-350-1,Seattle @ Boston,Seattle,Boston,Moneyline,SEA +137,SEA,+137,+500
dberry963,NHL,300-350-1,Calgary @ Chicago Blackhawks,Calgary,Chicago Blackhawks,Moneyline,CAL +101,CAL,+101,+500
dberry963,NHL,300-350-1,Dallas @ Utah,Dallas,Utah,Moneyline,UTAH -102,UTAH,-102,+500
dberry963,NHL,300-350-1,NY Islanders @ Edmonton,NY Islanders,Edmonton,Moneyline,NYI +151,NYI,+151,+500
dberry963,NHL,300-350-1,Toronto @ Vegas Golden Knights,Toronto,Vegas Golden Knights,Moneyline,TOR +114,TOR,+114,+500
decep96,NHL,307-370-1,Philadelphia @ Pittsburgh,Philadelphia,Pittsburgh,Moneyline,PHI +141,PHI,+141,+500
decep96,NHL,307-370-1,Vancouver @ Columbus,Vancouver,Columbus,Moneyline,VAN +143,VAN,+143,+500
decep96,NHL,307-370-1,San Jose @ Washington,San Jose,Washington,Moneyline,SJ +151,SJ,+151,+500
decep96,NHL,307-370-1,Montreal @ Buffalo,Montreal,Buffalo,Spread (ATS),BUF +100,BUF,+100,+500
decep96,NHL,307-370-1,Winnipeg Jets @ Minnesota,Winnipeg Jets,Minnesota,Moneyline,WIN +128,WIN,+128,+500
decep96,NHL,307-370-1,Seattle @ Boston,Seattle,Boston,Moneyline,SEA +143,SEA,+143,+500
decep96,NHL,307-370-1,Calgary @ Chicago Blackhawks,Calgary,Chicago Blackhawks,Moneyline,CAL +102,CAL,+102,+500
decep96,NHL,307-370-1,NY Islanders @ Edmonton,NY Islanders,Edmonton,Moneyline,NYI +147,NYI,+147,+500
decep96,NHL,307-370-1,Dallas @ Utah,Dallas,Utah,Moneyline,UTAH -104,UTAH,-104,+500
decep96,NHL,307-370-1,Toronto @ Vegas Golden Knights,Toronto,Vegas Golden Knights,Moneyline,TOR +117,TOR,+117,+500
jessestars,NHL,512-451-21,Philadelphia @ Pittsburgh,Philadelphia,Pittsburgh,Moneyline,PIT -153,PIT,-153,+500
jessestars,NHL,512-451-21,Philadelphia @ Pittsburgh,Philadelphia,Pittsburgh,Total (Over),Over 6.0,Over,6.0,+500
jessestars,NHL,512-451-21,Vancouver @ Columbus,Vancouver,Columbus,Moneyline,CLB -161,CLB,-161,+500
jessestars,NHL,512-451-21,Vancouver @ Columbus,Vancouver,Columbus,Total (Under),Under 6.5,Under,6.5,+500
jessestars,NHL,512-451-21,Montreal @ Buffalo,Montreal,Buffalo,Moneyline,MON -112,MON,-112,+500
jessestars,NHL,512-451-21,Montreal @ Buffalo,Montreal,Buffalo,Total (Under),Under 6.5,Under,6.5,+500
jessestars,NHL,512-451-21,San Jose @ Washington,San Jose,Washington,Moneyline,WAS -195,WAS,-195,+500
jessestars,NHL,512-451-21,San Jose @ Washington,San Jose,Washington,Total (Over),Over 6.5,Over,6.5,+500
jessestars,NHL,512-451-21,Winnipeg Jets @ Minnesota,Winnipeg Jets,Minnesota,Moneyline,MIN -150,MIN,-150,+500
jessestars,NHL,512-451-21,Winnipeg Jets @ Minnesota,Winnipeg Jets,Minnesota,Total (Under),Under 6.0,Under,6.0,+500
jessestars,NHL,512-451-21,Seattle @ Boston,Seattle,Boston,Moneyline,SEA +137,SEA,+137,+500
jessestars,NHL,512-451-21,Seattle @ Boston,Seattle,Boston,Total (Under),Under 6.0,Under,6.0,+500
jessestars,NHL,512-451-21,Calgary @ Chicago Blackhawks,Calgary,Chicago Blackhawks,Moneyline,CAL +102,CAL,+102,+500
jessestars,NHL,512-451-21,Calgary @ Chicago Blackhawks,Calgary,Chicago Blackhawks,Total (Under),Under 6.0,Under,6.0,+500
jessestars,NHL,512-451-21,NY Islanders @ Edmonton,NY Islanders,Edmonton,Moneyline,EDM -172,EDM,-172,+500
jessestars,NHL,512-451-21,NY Islanders @ Edmonton,NY Islanders,Edmonton,Total (Over),Over 6.5,Over,6.5,+500
jessestars,NHL,512-451-21,Dallas @ Utah,Dallas,Utah,Moneyline,UTAH -105,UTAH,-105,+500
jessestars,NHL,512-451-21,Dallas @ Utah,Dallas,Utah,Total (Over),Over 6.0,Over,6.0,+500
jessestars,NHL,512-451-21,Toronto @ Vegas Golden Knights,Toronto,Vegas Golden Knights,Moneyline,TOR +113,TOR,+113,+500
jessestars,NHL,512-451-21,Toronto @ Vegas Golden Knights,Toronto,Vegas Golden Knights,Total (Under),Under 6.5,Under,6.5,+500
RPJSTEELER,NHL,304-312-7,Montreal @ Buffalo,Montreal,Buffalo,Spread (ATS),BUF +100,BUF,+100,+500
RPJSTEELER,NHL,304-312-7,San Jose @ Washington,San Jose,Washington,Moneyline,SJ +171,SJ,+171,+500
RPJSTEELER,NHL,304-312-7,Philadelphia @ Pittsburgh,Philadelphia,Pittsburgh,Moneyline,PHI +138,PHI,+138,+500
RPJSTEELER,NHL,304-312-7,Vancouver @ Columbus,Vancouver,Columbus,Moneyline,VAN +143,VAN,+143,+500
RPJSTEELER,NHL,304-312-7,Winnipeg Jets @ Minnesota,Winnipeg Jets,Minnesota,Moneyline,WIN +133,WIN,+133,+500
RPJSTEELER,NHL,304-312-7,Seattle @ Boston,Seattle,Boston,Moneyline,SEA +141,SEA,+141,+500
RPJSTEELER,NHL,304-312-7,Calgary @ Chicago Blackhawks,Calgary,Chicago Blackhawks,Moneyline,CAL +102,CAL,+102,+500
RPJSTEELER,NHL,304-312-7,NY Islanders @ Edmonton,NY Islanders,Edmonton,Moneyline,NYI +152,NYI,+152,+500
RPJSTEELER,NHL,304-312-7,Dallas @ Utah,Dallas,Utah,Moneyline,UTAH -106,UTAH,-106,+500
RPJSTEELER,NHL,304-312-7,Toronto @ Vegas Golden Knights,Toronto,Vegas Golden Knights,Moneyline,TOR +117,TOR,+117,+500
grandelou11,NHL,442-397-23,Philadelphia @ Pittsburgh,Philadelphia,Pittsburgh,Moneyline,PHI +135,PHI,+135,+500
grandelou11,NHL,442-397-23,Philadelphia @ Pittsburgh,Philadelphia,Pittsburgh,Total (Over),Over 6.0,Over,6.0,+500
grandelou11,NHL,442-397-23,Vancouver @ Columbus,Vancouver,Columbus,Moneyline,CLB -161,CLB,-161,+500
grandelou11,NHL,442-397-23,Vancouver @ Columbus,Vancouver,Columbus,Total (Under),Under 6.5,Under,6.5,+500
grandelou11,NHL,442-397-23,San Jose @ Washington,San Jose,Washington,Moneyline,SJ +170,SJ,+170,+500
grandelou11,NHL,442-397-23,San Jose @ Washington,San Jose,Washington,Total (Over),Over 6.5,Over,6.5,+500
grandelou11,NHL,442-397-23,Montreal @ Buffalo,Montreal,Buffalo,Moneyline,BUF -101,BUF,-101,+500
grandelou11,NHL,442-397-23,Montreal @ Buffalo,Montreal,Buffalo,Total (Over),Over 6.5,Over,6.5,+500
grandelou11,NHL,442-397-23,Winnipeg Jets @ Minnesota,Winnipeg Jets,Minnesota,Moneyline,WIN +133,WIN,+133,+500
grandelou11,NHL,442-397-23,Winnipeg Jets @ Minnesota,Winnipeg Jets,Minnesota,Total (Over),Over 6.0,Over,6.0,+500
grandelou11,NHL,442-397-23,Seattle @ Boston,Seattle,Boston,Moneyline,BOS -156,BOS,-156,+500
grandelou11,NHL,442-397-23,Seattle @ Boston,Seattle,Boston,Total (Under),Under 6.0,Under,6.0,+500
grandelou11,NHL,442-397-23,Calgary @ Chicago Blackhawks,Calgary,Chicago Blackhawks,Moneyline,CAL +102,CAL,+102,+500
grandelou11,NHL,442-397-23,Calgary @ Chicago Blackhawks,Calgary,Chicago Blackhawks,Total (Over),Over 6.0,Over,6.0,+500
grandelou11,NHL,442-397-23,Dallas @ Utah,Dallas,Utah,Moneyline,UTAH -105,UTAH,-105,+500
grandelou11,NHL,442-397-23,Dallas @ Utah,Dallas,Utah,Total (Under),Under 6.0,Under,6.0,+500
grandelou11,NHL,442-397-23,NY Islanders @ Edmonton,NY Islanders,Edmonton,Moneyline,EDM -172,EDM,-172,+500
grandelou11,NHL,442-397-23,NY Islanders @ Edmonton,NY Islanders,Edmonton,Total (Under),Under 6.5,Under,6.5,+500
grandelou11,NHL,442-397-23,Toronto @ Vegas Golden Knights,Toronto,Vegas Golden Knights,Moneyline,VEG -127,VEG,-127,+500
grandelou11,NHL,442-397-23,Toronto @ Vegas Golden Knights,Toronto,Vegas Golden Knights,Total (Under),Under 6.5,Under,6.5,+500
bostonutah,NHL,445-405-21,Philadelphia @ Pittsburgh,Philadelphia,Pittsburgh,Moneyline,PIT -153,PIT,-153,+500
bostonutah,NHL,445-405-21,Philadelphia @ Pittsburgh,Philadelphia,Pittsburgh,Total (Under),Under 6.0,Under,6.0,+500
bostonutah,NHL,445-405-21,Vancouver @ Columbus,Vancouver,Columbus,Moneyline,VAN +142,VAN,+142,+500
bostonutah,NHL,445-405-21,Vancouver @ Columbus,Vancouver,Columbus,Total (Under),Under 6.5,Under,6.5,+500
bostonutah,NHL,445-405-21,San Jose @ Washington,San Jose,Washington,Moneyline,SJ +170,SJ,+170,+500
bostonutah,NHL,445-405-21,San Jose @ Washington,San Jose,Washington,Total (Under),Under 6.5,Under,6.5,+500
bostonutah,NHL,445-405-21,Montreal @ Buffalo,Montreal,Buffalo,Moneyline,MON -112,MON,-112,+500
bostonutah,NHL,445-405-21,Montreal @ Buffalo,Montreal,Buffalo,Total (Over),Over 6.5,Over,6.5,+500
bostonutah,NHL,445-405-21,Winnipeg Jets @ Minnesota,Winnipeg Jets,Minnesota,Moneyline,WIN +133,WIN,+133,+500
bostonutah,NHL,445-405-21,Winnipeg Jets @ Minnesota,Winnipeg Jets,Minnesota,Total (Under),Under 6.0,Under,6.0,+500
bostonutah,NHL,445-405-21,Seattle @ Boston,Seattle,Boston,Moneyline,BOS -156,BOS,-156,+500
bostonutah,NHL,445-405-21,Seattle @ Boston,Seattle,Boston,Total (Over),Over 6.0,Over,6.0,+500
bostonutah,NHL,445-405-21,Calgary @ Chicago Blackhawks,Calgary,Chicago Blackhawks,Moneyline,CAL +102,CAL,+102,+500
bostonutah,NHL,445-405-21,Calgary @ Chicago Blackhawks,Calgary,Chicago Blackhawks,Total (Over),Over 6.0,Over,6.0,+500
bostonutah,NHL,445-405-21,NY Islanders @ Edmonton,NY Islanders,Edmonton,Moneyline,EDM -172,EDM,-172,+500
bostonutah,NHL,445-405-21,NY Islanders @ Edmonton,NY Islanders,Edmonton,Total (Over),Over 6.5,Over,6.5,+500
bostonutah,NHL,445-405-21,Dallas @ Utah,Dallas,Utah,Moneyline,DAL -106,DAL,-106,+500
bostonutah,NHL,445-405-21,Dallas @ Utah,Dallas,Utah,Total (Under),Under 6.0,Under,6.0,+500
bostonutah,NHL,445-405-21,Toronto @ Vegas Golden Knights,Toronto,Vegas Golden Knights,Moneyline,VEG -127,VEG,-127,+500
bostonutah,NHL,445-405-21,Toronto @ Vegas Golden Knights,Toronto,Vegas Golden Knights,Total (Under),Under 6.5,Under,6.5,+500
ewatson15,NHL,327-398-2,Philadelphia @ Pittsburgh,Philadelphia,Pittsburgh,Moneyline,PHI +133,PHI,+133,+500
ewatson15,NHL,327-398-2,Vancouver @ Columbus,Vancouver,Columbus,Moneyline,VAN +141,VAN,+141,+500
ewatson15,NHL,327-398-2,Montreal @ Buffalo,Montreal,Buffalo,Moneyline,BUF -101,BUF,-101,+500
ewatson15,NHL,327-398-2,San Jose @ Washington,San Jose,Washington,Moneyline,SJ +170,SJ,+170,+500
ewatson15,NHL,327-398-2,Winnipeg Jets @ Minnesota,Winnipeg Jets,Minnesota,Moneyline,WIN +134,WIN,+134,+500
ewatson15,NHL,327-398-2,Seattle @ Boston,Seattle,Boston,Moneyline,SEA +137,SEA,+137,+500
ewatson15,NHL,327-398-2,Calgary @ Chicago Blackhawks,Calgary,Chicago Blackhawks,Moneyline,CAL +101,CAL,+101,+500
ewatson15,NHL,327-398-2,Dallas @ Utah,Dallas,Utah,Moneyline,UTAH -102,UTAH,-102,+500
ewatson15,NHL,327-398-2,NY Islanders @ Edmonton,NY Islanders,Edmonton,Moneyline,NYI +151,NYI,+151,+500
ewatson15,NHL,327-398-2,Toronto @ Vegas Golden Knights,Toronto,Vegas Golden Knights,Moneyline,TOR +114,TOR,+114,+500
bluejet,NHL,479-438-18,Montreal @ Buffalo,Montreal,Buffalo,Moneyline,MON -111,MON,-111,+500
bluejet,NHL,479-438-18,Montreal @ Buffalo,Montreal,Buffalo,Total (Under),Under 6.5,Under,6.5,+500
bluejet,NHL,479-438-18,San Jose @ Washington,San Jose,Washington,Moneyline,SJ +170,SJ,+170,+300
bluejet,NHL,479-438-18,Philadelphia @ Pittsburgh,Philadelphia,Pittsburgh,Moneyline,PIT -150,PIT,-150,+400
bluejet,NHL,479-438-18,Vancouver @ Columbus,Vancouver,Columbus,Moneyline,CLB -160,CLB,-160,+500
bluejet,NHL,479-438-18,Winnipeg Jets @ Minnesota,Winnipeg Jets,Minnesota,Moneyline,MIN -151,MIN,-151,+300
bluejet,NHL,479-438-18,Winnipeg Jets @ Minnesota,Winnipeg Jets,Minnesota,Total (Over),Over 6.0,Over,6.0,+300
bluejet,NHL,479-438-18,Seattle @ Boston,Seattle,Boston,Moneyline,BOS -156,BOS,-156,+400
bluejet,NHL,479-438-18,Seattle @ Boston,Seattle,Boston,Total (Over),Over 6.0,Over,6.0,+400
bluejet,NHL,479-438-18,Calgary @ Chicago Blackhawks,Calgary,Chicago Blackhawks,Moneyline,CAL +102,CAL,+102,+500
bluejet,NHL,479-438-18,Calgary @ Chicago Blackhawks,Calgary,Chicago Blackhawks,Total (Over),Over 6.0,Over,6.0,+500
bluejet,NHL,479-438-18,NY Islanders @ Edmonton,NY Islanders,Edmonton,Moneyline,EDM -172,EDM,-172,+300
bluejet,NHL,479-438-18,NY Islanders @ Edmonton,NY Islanders,Edmonton,Total (Over),Over 6.5,Over,6.5,+300
bluejet,NHL,479-438-18,Dallas @ Utah,Dallas,Utah,Moneyline,DAL -110,DAL,-110,+500
bluejet,NHL,479-438-18,Dallas @ Utah,Dallas,Utah,Total (Over),Over 6.0,Over,6.0,+500
bluejet,NHL,479-438-18,Toronto @ Vegas Golden Knights,Toronto,Vegas Golden Knights,Moneyline,TOR +114,TOR,+114,+400
thomaschau,NHL,295-302-11,San Jose @ Washington,San Jose,Washington,Moneyline,SJ +164,SJ,+164,+500
thomaschau,NHL,295-302-11,San Jose @ Washington,San Jose,Washington,Total (Under),Under 6.5,Under,6.5,+500
thomaschau,NHL,295-302-11,Vancouver @ Columbus,Vancouver,Columbus,Moneyline,VAN +150,VAN,+150,+500
thomaschau,NHL,295-302-11,Vancouver @ Columbus,Vancouver,Columbus,Total (Under),Under 6.5,Under,6.5,+500
thomaschau,NHL,295-302-11,Winnipeg Jets @ Minnesota,Winnipeg Jets,Minnesota,Moneyline,WIN +134,WIN,+134,+500
thomaschau,NHL,295-302-11,Seattle @ Boston,Seattle,Boston,Moneyline,SEA +148,SEA,+148,+500
thomaschau,NHL,295-302-11,NY Islanders @ Edmonton,NY Islanders,Edmonton,Moneyline,NYI +152,NYI,+152,+500
thomaschau,NHL,295-302-11,NY Islanders @ Edmonton,NY Islanders,Edmonton,Total (Under),Under 6.5,Under,6.5,+500
steeler5,NHL,326-347-7,Vancouver @ Columbus,Vancouver,Columbus,Moneyline,VAN +143,VAN,+143,+500
steeler5,NHL,326-347-7,Vancouver @ Columbus,Vancouver,Columbus,Total (Over),Over 6.5,Over,6.5,+500
steeler5,NHL,326-347-7,Philadelphia @ Pittsburgh,Philadelphia,Pittsburgh,Moneyline,PHI +142,PHI,+142,+500
steeler5,NHL,326-347-7,Philadelphia @ Pittsburgh,Philadelphia,Pittsburgh,Total (Over),Over 6.0,Over,6.0,+500
steeler5,NHL,326-347-7,San Jose @ Washington,San Jose,Washington,Moneyline,SJ +153,SJ,+153,+500
steeler5,NHL,326-347-7,San Jose @ Washington,San Jose,Washington,Total (Over),Over 6.5,Over,6.5,+500
steeler5,NHL,326-347-7,Montreal @ Buffalo,Montreal,Buffalo,Moneyline,BUF +106,BUF,+106,+500
steeler5,NHL,326-347-7,Montreal @ Buffalo,Montreal,Buffalo,Total (Over),Over 6.5,Over,6.5,+500
steeler5,NHL,326-347-7,Winnipeg Jets @ Minnesota,Winnipeg Jets,Minnesota,Moneyline,WIN +125,WIN,+125,+500
steeler5,NHL,326-347-7,Winnipeg Jets @ Minnesota,Winnipeg Jets,Minnesota,Total (Over),Over 6.0,Over,6.0,+500
steeler5,NHL,326-347-7,Seattle @ Boston,Seattle,Boston,Moneyline,SEA +146,SEA,+146,+500
steeler5,NHL,326-347-7,Seattle @ Boston,Seattle,Boston,Total (Over),Over 6.0,Over,6.0,+500
steeler5,NHL,326-347-7,Calgary @ Chicago Blackhawks,Calgary,Chicago Blackhawks,Moneyline,CAL +103,CAL,+103,+500
steeler5,NHL,326-347-7,Calgary @ Chicago Blackhawks,Calgary,Chicago Blackhawks,Total (Over),Over 6.0,Over,6.0,+500
steeler5,NHL,326-347-7,Dallas @ Utah,Dallas,Utah,Moneyline,DAL -103,DAL,-103,+500
steeler5,NHL,326-347-7,Dallas @ Utah,Dallas,Utah,Total (Over),Over 6.0,Over,6.0,+500
steeler5,NHL,326-347-7,NY Islanders @ Edmonton,NY Islanders,Edmonton,Moneyline,NYI +141,NYI,+141,+500
steeler5,NHL,326-347-7,NY Islanders @ Edmonton,NY Islanders,Edmonton,Total (Over),Over 6.5,Over,6.5,+500
steeler5,NHL,326-347-7,Toronto @ Vegas Golden Knights,Toronto,Vegas Golden Knights,Moneyline,TOR +124,TOR,+124,+500
steeler5,NHL,326-347-7,Toronto @ Vegas Golden Knights,Toronto,Vegas Golden Knights,Total (Over),Over 6.5,Over,6.5,+500
bigosports12,NHL,207-178-6,Montreal @ Buffalo,Montreal,Buffalo,Moneyline,MON -110,MON,-110,+500
bigosports12,NHL,207-178-6,Vancouver @ Columbus,Vancouver,Columbus,Moneyline,CLB -159,CLB,-159,+500
bigosports12,NHL,207-178-6,Winnipeg Jets @ Minnesota,Winnipeg Jets,Minnesota,Moneyline,WIN +133,WIN,+133,+500
bigosports12,NHL,207-178-6,Seattle @ Boston,Seattle,Boston,Moneyline,BOS -158,BOS,-158,+500
bigosports12,NHL,207-178-6,Calgary @ Chicago Blackhawks,Calgary,Chicago Blackhawks,Moneyline,CHI -114,CHI,-114,+500
bigosports12,NHL,207-178-6,Dallas @ Utah,Dallas,Utah,Moneyline,UTAH -104,UTAH,-104,+500
bigosports12,NHL,207-178-6,Toronto @ Vegas Golden Knights,Toronto,Vegas Golden Knights,Moneyline,TOR +117,TOR,+117,+500
Gary62,NHL,79-59-0,Philadelphia @ Pittsburgh,Philadelphia,Pittsburgh,Moneyline,PIT -153,PIT,-153,+500
Gary62,NHL,79-59-0,Vancouver @ Columbus,Vancouver,Columbus,Moneyline,CLB -161,CLB,-161,+500
Gary62,NHL,79-59-0,Montreal @ Buffalo,Montreal,Buffalo,Moneyline,BUF -101,BUF,-101,+500
Gary62,NHL,79-59-0,San Jose @ Washington,San Jose,Washington,Moneyline,WAS -195,WAS,-195,+500
Gary62,NHL,79-59-0,Winnipeg Jets @ Minnesota,Winnipeg Jets,Minnesota,Moneyline,MIN -150,MIN,-150,+500
Gary62,NHL,79-59-0,Seattle @ Boston,Seattle,Boston,Moneyline,BOS -156,BOS,-156,+500
Gary62,NHL,79-59-0,Calgary @ Chicago Blackhawks,Calgary,Chicago Blackhawks,Moneyline,CHI -114,CHI,-114,+500
Gary62,NHL,79-59-0,Dallas @ Utah,Dallas,Utah,Moneyline,UTAH -106,UTAH,-106,+500
Gary62,NHL,79-59-0,NY Islanders @ Edmonton,NY Islanders,Edmonton,Moneyline,EDM -172,EDM,-172,+500
Gary62,NHL,79-59-0,Toronto @ Vegas Golden Knights,Toronto,Vegas Golden Knights,Moneyline,VEG -127,VEG,-127,+500
kingjs3807,College Football,341-266-12,Miami (FL) @ Indiana,Miami (FL),Indiana,Spread (ATS),IU -8.5,IU,-8.5,+500
knuckleheadsmiths,College Football,546-462-22,Miami (FL) @ Indiana,Miami (FL),Indiana,Spread (ATS),MIA +8.5,MIA,+8.5,+500
knuckleheadsmiths,College Football,546-462-22,Miami (FL) @ Indiana,Miami (FL),Indiana,Total (Over),Over 47.5,Over,47.5,+500
any007,College Football,832-734-21,Miami (FL) @ Indiana,Miami (FL),Indiana,Spread (ATS),IU -8.5,IU,-8.5,+500
any007,College Football,832-734-21,Miami (FL) @ Indiana,Miami (FL),Indiana,Total (Over),Over 47.5,Over,47.5,+500
vacovsky,College Football,123-91-7,Miami (FL) @ Indiana,Miami (FL),Indiana,Spread (ATS),IU -8.5,IU,-8.5,+500
Cashmrx,College Football,122-91-2,Miami (FL) @ Indiana,Miami (FL),Indiana,Total (Over),Over 47.5,Over,47.5,+500
Bikkembergs,College Football,1012-901-19,Miami (FL) @ Indiana,Miami (FL),Indiana,Spread (ATS),IU -8.5,IU,-8.5,+500
Bikkembergs,College Football,1012-901-19,Miami (FL) @ Indiana,Miami (FL),Indiana,Total (Under),Under 47.5,Under,47.5,+500
tvigilante2020,College Football,265-222-9,Miami (FL) @ Indiana,Miami (FL),Indiana,Spread (ATS),MIA +8.5,MIA,+8.5,+500
tvigilante2020,College Football,265-222-9,Miami (FL) @ Indiana,Miami (FL),Indiana,Total (Over),Over 47.5,Over,47.5,+500
Mungo404,College Football,446-388-11,Miami (FL) @ Indiana,Miami (FL),Indiana,Spread (ATS),IU -8.5,IU,-8.5,+500
Mungo404,College Football,446-388-11,Miami (FL) @ Indiana,Miami (FL),Indiana,Total (Over),Over 47.5,Over,47.5,+500
QDMC,College Football,149-120-4,Miami (FL) @ Indiana,Miami (FL),Indiana,Spread (ATS),MIA +8.5,MIA,+8.5,+500
QDMC,College Football,149-120-4,Miami (FL) @ Indiana,Miami (FL),Indiana,Total (Over),Over 47.5,Over,47.5,+500
skunty4,College Basketball,763-565-10,UMBC @ Bryant,UMBC,Bryant,Spread (ATS),UMBC +3.5,UMBC,+3.5,+200
skunty4,College Basketball,763-565-10,NJIT @ UMass Lowell,NJIT,UMass Lowell,Spread (ATS),MASSL -5.5,MASSL,-5.5,+300
skunty4,College Basketball,763-565-10,Mercer @ VMI,Mercer,VMI,Total (Under),Under 155.5,Under,155.5,+500
skunty4,College Basketball,763-565-10,Old Dominion @ Georgia Southern,Old Dominion,Georgia Southern,Total (Over),Over 162.5,Over,162.5,+200
skunty4,College Basketball,763-565-10,Elon University @ Northeastern,Elon University,Northeastern,Total (Under),Under 161.5,Under,161.5,+200
skunty4,College Basketball,763-565-10,Charleston @ Towson,Charleston,Towson,Spread (ATS),COFC +2.5,COFC,+2.5,+200
skunty4,College Basketball,763-565-10,Wichita St. @ Florida Atlantic,Wichita St.,Florida Atlantic,Spread (ATS),WICH +5.5,WICH,+5.5,+200
skunty4,College Basketball,763-565-10,Northern CO @ Portland St.,Northern CO,Portland St.,Total (Over),Over 151.5,Over,151.5,+200
GeliMetz,College Basketball,818-670-5,UMBC @ Bryant,UMBC,Bryant,Spread (ATS),UMBC +2.5,UMBC,+2.5,+500
GeliMetz,College Basketball,818-670-5,Mercer @ VMI,Mercer,VMI,Total (Over),Over 153.5,Over,153.5,+500
GeliMetz,College Basketball,818-670-5,New Mexico St. @ Liberty,New Mexico St.,Liberty,Total (Over),Over 142.5,Over,142.5,+500
GeliMetz,College Basketball,818-670-5,NJIT @ UMass Lowell,NJIT,UMass Lowell,Spread (ATS),NJIT +8.5,NJIT,+8.5,+500
GeliMetz,College Basketball,818-670-5,Detroit Mercy @ Northern KY,Detroit Mercy,Northern KY,Total (Over),Over 157.5,Over,157.5,+500
GeliMetz,College Basketball,818-670-5,Queens NC @ FGCU,Queens NC,FGCU,Total (Under),Under 168.5,Under,168.5,+500
GeliMetz,College Basketball,818-670-5,The Citadel @ UNC Greensboro,The Citadel,UNC Greensboro,Spread (ATS),CIT +9.5,CIT,+9.5,+500
GeliMetz,College Basketball,818-670-5,The Citadel @ UNC Greensboro,The Citadel,UNC Greensboro,Total (Over),Over 147.5,Over,147.5,+500
GeliMetz,College Basketball,818-670-5,Eastern Illinois @ Little Rock,Eastern Illinois,Little Rock,Spread (ATS),EIU +6.5,EIU,+6.5,+500
GeliMetz,College Basketball,818-670-5,Eastern Illinois @ Little Rock,Eastern Illinois,Little Rock,Total (Under),Under 134.5,Under,134.5,+500
GeliMetz,College Basketball,818-670-5,Eastern Kentucky @ Austin Peay,Eastern Kentucky,Austin Peay,Total (Under),Under 155.5,Under,155.5,+500
GeliMetz,College Basketball,818-670-5,Texas-Arlington @ Utah Tech,Texas-Arlington,Utah Tech,Total (Over),Over 141.5,Over,141.5,+500
GeliMetz,College Basketball,818-670-5,Wichita St. @ Florida Atlantic,Wichita St.,Florida Atlantic,Total (Over),Over 154.5,Over,154.5,+500
GeliMetz,College Basketball,818-670-5,UC Riverside @ Long Beach St.,UC Riverside,Long Beach St.,Total (Over),Over 141.5,Over,141.5,+500
willwrig,College Basketball,403-314-3,Mercer @ VMI,Mercer,VMI,Spread (ATS),VMI +9.5,VMI,+9.5,+300
willwrig,College Basketball,403-314-3,NJIT @ UMass Lowell,NJIT,UMass Lowell,Spread (ATS),MASSL -5.5,MASSL,-5.5,+500
willwrig,College Basketball,403-314-3,New Mexico St. @ Liberty,New Mexico St.,Liberty,Spread (ATS),NMSU +9.5,NMSU,+9.5,+400
willwrig,College Basketball,403-314-3,Binghamton @ Albany,Binghamton,Albany,Spread (ATS),ALBY -2.5,ALBY,-2.5,+500
willwrig,College Basketball,403-314-3,Green Bay @ Cleveland St.,Green Bay,Cleveland St.,Spread (ATS),GB -2.5,GB,-2.5,+300
willwrig,College Basketball,403-314-3,Oakland @ Milwaukee,Oakland,Milwaukee,Total (Over),Over 164.5,Over,164.5,+300
willwrig,College Basketball,403-314-3,Elon University @ Northeastern,Elon University,Northeastern,Total (Under),Under 161.5,Under,161.5,+500
willwrig,College Basketball,403-314-3,Wichita St. @ Florida Atlantic,Wichita St.,Florida Atlantic,Spread (ATS),WICH +5.5,WICH,+5.5,+500
willwrig,College Basketball,403-314-3,Texas-Arlington @ Utah Tech,Texas-Arlington,Utah Tech,Total (Over),Over 141.5,Over,141.5,+300
willwrig,College Basketball,403-314-3,UC Santa Barbara @ CSU Bakersfield,UC Santa Barbara,CSU Bakersfield,Total (Under),Under 148.5,Under,148.5,+500
willwrig,College Basketball,403-314-3,Hawaii @ Cal Poly SLO,Hawaii,Cal Poly SLO,Total (Under),Under 157.5,Under,157.5,+300
willwrig,College Basketball,403-314-3,San Diego @ Seattle,San Diego,Seattle,Total (Under),Under 148.5,Under,148.5,+400
willwrig,College Basketball,403-314-3,Northern Arizona @ Sacramento State,Northern Arizona,Sacramento State,Spread (ATS),SAC -2.5,SAC,-2.5,+400
willwrig,College Basketball,403-314-3,CSU Northridge @ UC San Diego,CSU Northridge,UC San Diego,Total (Under),Under 160.5,Under,160.5,+400
interfly,College Basketball,573-480-5,New Mexico St. @ Liberty,New Mexico St.,Liberty,Spread (ATS),NMSU +6.5,NMSU,+6.5,+500
rougher,College Basketball,677-590-13,New Mexico St. @ Liberty,New Mexico St.,Liberty,Spread (ATS),NMSU +9.5,NMSU,+9.5,+500
rougher,College Basketball,677-590-13,NJIT @ UMass Lowell,NJIT,UMass Lowell,Total (Over),Over 145.5,Over,145.5,+500
rougher,College Basketball,677-590-13,North Florida @ North Alabama,North Florida,North Alabama,Spread (ATS),UNF +9.5,UNF,+9.5,+500
rougher,College Basketball,677-590-13,Green Bay @ Cleveland St.,Green Bay,Cleveland St.,Spread (ATS),CLEV +3.5,CLEV,+3.5,+500
rougher,College Basketball,677-590-13,Charleston @ Towson,Charleston,Towson,Spread (ATS),COFC +1.5,COFC,+1.5,+500
rougher,College Basketball,677-590-13,Bellarmine @ Lipscomb,Bellarmine,Lipscomb,Spread (ATS),BELL +9.5,BELL,+9.5,+500
rougher,College Basketball,677-590-13,SIU Edwardsville @ Tenn-Martin,SIU Edwardsville,Tenn-Martin,Spread (ATS),SIUE +8.5,SIUE,+8.5,+500
rougher,College Basketball,677-590-13,Lindenwood @ SE Missouri St.,Lindenwood,SE Missouri St.,Spread (ATS),LINW +6.5,LINW,+6.5,+500
rougher,College Basketball,677-590-13,Northern CO @ Portland St.,Northern CO,Portland St.,Spread (ATS),UNCO +3.5,UNCO,+3.5,+500
dustlc,College Basketball,407-345-3,Texas-El Paso @ Delaware,Texas-El Paso,Delaware,Total (Over),Over 126.5,Over,126.5,+500
dustlc,College Basketball,407-345-3,Queens NC @ FGCU,Queens NC,FGCU,Total (Under),Under 167.5,Under,167.5,+500
dustlc,College Basketball,407-345-3,Drexel @ Monmouth-NJ,Drexel,Monmouth-NJ,Total (Over),Over 129.5,Over,129.5,+500
dustlc,College Basketball,407-345-3,Maine @ Vermont,Maine,Vermont,Total (Over),Over 129.5,Over,129.5,+500
dustlc,College Basketball,407-345-3,Oakland @ Milwaukee,Oakland,Milwaukee,Total (Under),Under 164.5,Under,164.5,+500
dustlc,College Basketball,407-345-3,SIU Edwardsville @ Tenn-Martin,SIU Edwardsville,Tenn-Martin,Total (Over),Over 131.5,Over,131.5,+500
dustlc,College Basketball,407-345-3,CSU Fullerton @ UC Davis,CSU Fullerton,UC Davis,Total (Under),Under 168.5,Under,168.5,+500
dustlc,College Basketball,407-345-3,Northern Arizona @ Sacramento State,Northern Arizona,Sacramento State,Spread (ATS),SAC -2.5,SAC,-2.5,+500
dustlc,College Basketball,407-345-3,Gonzaga @ Washington St.,Gonzaga,Washington St.,Spread (ATS),WSU +17.5,WSU,+17.5,+500
gordon2_4,College Basketball,368-310-3,Green Bay @ Cleveland St.,Green Bay,Cleveland St.,Spread (ATS),CLEV +4.5,CLEV,+4.5,+500
gordon2_4,College Basketball,368-310-3,Green Bay @ Cleveland St.,Green Bay,Cleveland St.,Total (Over),Over 149.5,Over,149.5,+500
gordon2_4,College Basketball,368-310-3,West Georgia @ Stetson,West Georgia,Stetson,Total (Over),Over 151.5,Over,151.5,+500
gordon2_4,College Basketball,368-310-3,North Florida @ North Alabama,North Florida,North Alabama,Total (Over),Over 157.5,Over,157.5,+500
gordon2_4,College Basketball,368-310-3,Oakland @ Milwaukee,Oakland,Milwaukee,Total (Over),Over 164.5,Over,164.5,+500
gordon2_4,College Basketball,368-310-3,Queens NC @ FGCU,Queens NC,FGCU,Total (Over),Over 167.5,Over,167.5,+500
gordon2_4,College Basketball,368-310-3,Old Dominion @ Georgia Southern,Old Dominion,Georgia Southern,Total (Under),Under 162.5,Under,162.5,+500
gordon2_4,College Basketball,368-310-3,St. Thomas (MN) @ North Dakota,St. Thomas (MN),North Dakota,Spread (ATS),UND +9.5,UND,+9.5,+500
gordon2_4,College Basketball,368-310-3,CSU Fullerton @ UC Davis,CSU Fullerton,UC Davis,Total (Over),Over 168.5,Over,168.5,+500
gordon2_4,College Basketball,368-310-3,Hawaii @ Cal Poly SLO,Hawaii,Cal Poly SLO,Total (Over),Over 157.5,Over,157.5,+500
gordon2_4,College Basketball,368-310-3,Gonzaga @ Washington St.,Gonzaga,Washington St.,Total (Over),Over 156.5,Over,156.5,+500
gordon2_4,College Basketball,368-310-3,CSU Northridge @ UC San Diego,CSU Northridge,UC San Diego,Total (Over),Over 160.5,Over,160.5,+500
gordon2_4,College Basketball,368-310-3,Northern CO @ Portland St.,Northern CO,Portland St.,Total (Over),Over 155.5,Over,155.5,+500
madnkrazy,College Basketball,186-146-1,NJIT @ UMass Lowell,NJIT,UMass Lowell,Spread (ATS),NJIT +7.5,NJIT,+7.5,+500
madnkrazy,College Basketball,186-146-1,Binghamton @ Albany,Binghamton,Albany,Spread (ATS),BING +7.5,BING,+7.5,+500
madnkrazy,College Basketball,186-146-1,Jacksonville @ Central Arkansas,Jacksonville,Central Arkansas,Spread (ATS),JAC +9.5,JAC,+9.5,+500
madnkrazy,College Basketball,186-146-1,Lindenwood @ SE Missouri St.,Lindenwood,SE Missouri St.,Spread (ATS),LINW +6.5,LINW,+6.5,+500
madnkrazy,College Basketball,186-146-1,UC Santa Barbara @ CSU Bakersfield,UC Santa Barbara,CSU Bakersfield,Spread (ATS),CSB +7.5,CSB,+7.5,+500
madnkrazy,College Basketball,186-146-1,CSU Northridge @ UC San Diego,CSU Northridge,UC San Diego,Spread (ATS),CSN +7.5,CSN,+7.5,+500
Utopia,College Basketball,565-492-7,Old Dominion @ Georgia Southern,Old Dominion,Georgia Southern,Total (Over),Over 163.5,Over,163.5,+500
Utopia,College Basketball,565-492-7,North Florida @ North Alabama,North Florida,North Alabama,Total (Under),Under 159.5,Under,159.5,+500
Utopia,College Basketball,565-492-7,The Citadel @ UNC Greensboro,The Citadel,UNC Greensboro,Total (Under),Under 147.5,Under,147.5,+500
Utopia,College Basketball,565-492-7,Kansas City @ South Dakota,Kansas City,South Dakota,Total (Under),Under 159.5,Under,159.5,+500
Utopia,College Basketball,565-492-7,CA Baptist @ ACU,CA Baptist,ACU,Spread (ATS),CBU +1.5,CBU,+1.5,+500
Utopia,College Basketball,565-492-7,Northern Arizona @ Sacramento State,Northern Arizona,Sacramento State,Total (Under),Under 155.5,Under,155.5,+500
57chevy,College Basketball,110-81-0,New Mexico St. @ Liberty,New Mexico St.,Liberty,Total (Over),Over 142.5,Over,142.5,+500
57chevy,College Basketball,110-81-0,Maine @ Vermont,Maine,Vermont,Total (Over),Over 129.5,Over,129.5,+500
57chevy,College Basketball,110-81-0,Eastern Kentucky @ Austin Peay,Eastern Kentucky,Austin Peay,Spread (ATS),EKY +7.5,EKY,+7.5,+500
57chevy,College Basketball,110-81-0,SIU Edwardsville @ Tenn-Martin,SIU Edwardsville,Tenn-Martin,Total (Over),Over 131.5,Over,131.5,+500
allbees,College Basketball,146-114-0,NJIT @ UMass Lowell,NJIT,UMass Lowell,Spread (ATS),NJIT +6.5,NJIT,+6.5,+500
allbees,College Basketball,146-114-0,James Madison @ Appalachian St.,James Madison,Appalachian St.,Spread (ATS),APP -1.5,APP,-1.5,+500
allbees,College Basketball,146-114-0,Robert Morris @ IUPUI,Robert Morris,IUPUI,Spread (ATS),RMU -4.5,RMU,-4.5,+500
allbees,College Basketball,146-114-0,Maine @ Vermont,Maine,Vermont,Spread (ATS),ME +13.5,ME,+13.5,+500
allbees,College Basketball,146-114-0,Green Bay @ Cleveland St.,Green Bay,Cleveland St.,Spread (ATS),GB -3.5,GB,-3.5,+500
allbees,College Basketball,146-114-0,Kansas City @ South Dakota,Kansas City,South Dakota,Spread (ATS),UMKC +7.5,UMKC,+7.5,+500
allbees,College Basketball,146-114-0,St. Thomas (MN) @ North Dakota,St. Thomas (MN),North Dakota,Spread (ATS),UND +9.5,UND,+9.5,+500
allbees,College Basketball,146-114-0,Lindenwood @ SE Missouri St.,Lindenwood,SE Missouri St.,Spread (ATS),SEMO -6.5,SEMO,-6.5,+500
allbees,College Basketball,146-114-0,San Diego @ Seattle,San Diego,Seattle,Spread (ATS),USD +9.5,USD,+9.5,+500
allbees,College Basketball,146-114-0,Hawaii @ Cal Poly SLO,Hawaii,Cal Poly SLO,Spread (ATS),HAW -6.5,HAW,-6.5,+500
Big_Country19,College Basketball,262-220-5,Robert Morris @ IUPUI,Robert Morris,IUPUI,Total (Over),Over 161.5,Over,161.5,+500
Big_Country19,College Basketball,262-220-5,Binghamton @ Albany,Binghamton,Albany,Total (Over),Over 142.5,Over,142.5,+500
Big_Country19,College Basketball,262-220-5,Drexel @ Monmouth-NJ,Drexel,Monmouth-NJ,Total (Over),Over 131.5,Over,131.5,+500
Big_Country19,College Basketball,262-220-5,Youngstown St. @ Wright St.,Youngstown St.,Wright St.,Total (Over),Over 141.5,Over,141.5,+500
Big_Country19,College Basketball,262-220-5,Bellarmine @ Lipscomb,Bellarmine,Lipscomb,Total (Over),Over 157.5,Over,157.5,+500
Big_Country19,College Basketball,262-220-5,CA Baptist @ ACU,CA Baptist,ACU,Total (Over),Over 136.5,Over,136.5,+500
Big_Country19,College Basketball,262-220-5,St. Thomas (MN) @ North Dakota,St. Thomas (MN),North Dakota,Total (Over),Over 153.5,Over,153.5,+500
Big_Country19,College Basketball,262-220-5,Idaho @ Idaho State,Idaho,Idaho State,Total (Over),Over 150.5,Over,150.5,+500
Big_Country19,College Basketball,262-220-5,Northern CO @ Portland St.,Northern CO,Portland St.,Total (Over),Over 151.5,Over,151.5,+500
MP2056,College Basketball,561-492-11,New Mexico St. @ Liberty,New Mexico St.,Liberty,Spread (ATS),LIB -7.5,LIB,-7.5,+500
MP2056,College Basketball,561-492-11,NJIT @ UMass Lowell,NJIT,UMass Lowell,Total (Under),Under 145.5,Under,145.5,+500
MP2056,College Basketball,561-492-11,Mercer @ VMI,Mercer,VMI,Spread (ATS),VMI +9.5,VMI,+9.5,+500
MP2056,College Basketball,561-492-11,Mercer @ VMI,Mercer,VMI,Total (Under),Under 153.5,Under,153.5,+500
MP2056,College Basketball,561-492-11,James Madison @ Appalachian St.,James Madison,Appalachian St.,Spread (ATS),APP -1.5,APP,-1.5,+500
MP2056,College Basketball,561-492-11,James Madison @ Appalachian St.,James Madison,Appalachian St.,Total (Under),Under 133.5,Under,133.5,+500
MP2056,College Basketball,561-492-11,Elon University @ Northeastern,Elon University,Northeastern,Spread (ATS),ELON -3.5,ELON,-3.5,+500
MP2056,College Basketball,561-492-11,Elon University @ Northeastern,Elon University,Northeastern,Total (Under),Under 160.5,Under,160.5,+500
MP2056,College Basketball,561-492-11,NC A&T @ William & Mary,NC A&T,William & Mary,Spread (ATS),NCAT +13.5,NCAT,+13.5,+500
MP2056,College Basketball,561-492-11,Hofstra @ Stony Brook,Hofstra,Stony Brook,Spread (ATS),HOF -7.5,HOF,-7.5,+500
MP2056,College Basketball,561-492-11,Detroit Mercy @ Northern KY,Detroit Mercy,Northern KY,Spread (ATS),DET +9.5,DET,+9.5,+500
MP2056,College Basketball,561-492-11,Detroit Mercy @ Northern KY,Detroit Mercy,Northern KY,Total (Under),Under 157.5,Under,157.5,+500
MP2056,College Basketball,561-492-11,Drexel @ Monmouth-NJ,Drexel,Monmouth-NJ,Total (Under),Under 129.5,Under,129.5,+500
MP2056,College Basketball,561-492-11,Oakland @ Milwaukee,Oakland,Milwaukee,Spread (ATS),OAK -3.5,OAK,-3.5,+500
MP2056,College Basketball,561-492-11,Old Dominion @ Georgia Southern,Old Dominion,Georgia Southern,Spread (ATS),GASO -6.5,GASO,-6.5,+500
MP2056,College Basketball,561-492-11,Old Dominion @ Georgia Southern,Old Dominion,Georgia Southern,Total (Over),Over 162.5,Over,162.5,+500
MP2056,College Basketball,561-492-11,Bellarmine @ Lipscomb,Bellarmine,Lipscomb,Total (Under),Under 155.5,Under,155.5,+500
MP2056,College Basketball,561-492-11,St. Thomas (MN) @ North Dakota,St. Thomas (MN),North Dakota,Spread (ATS),UND +9.5,UND,+9.5,+500
MP2056,College Basketball,561-492-11,Charleston @ Towson,Charleston,Towson,Total (Under),Under 141.5,Under,141.5,+500
MP2056,College Basketball,561-492-11,Morehead St. @ Tennessee St.,Morehead St.,Tennessee St.,Spread (ATS),TNST -8.5,TNST,-8.5,+500
MP2056,College Basketball,561-492-11,Southern Indiana @ Tennessee Tech,Southern Indiana,Tennessee Tech,Spread (ATS),USI +5.5,USI,+5.5,+500
MP2056,College Basketball,561-492-11,Idaho @ Idaho State,Idaho,Idaho State,Spread (ATS),IDHO +2.5,IDHO,+2.5,+500
MP2056,College Basketball,561-492-11,Wichita St. @ Florida Atlantic,Wichita St.,Florida Atlantic,Spread (ATS),FAU -5.5,FAU,-5.5,+500
MP2056,College Basketball,561-492-11,Northern CO @ Portland St.,Northern CO,Portland St.,Spread (ATS),UNCO +3.5,UNCO,+3.5,+500
MP2056,College Basketball,561-492-11,Northern CO @ Portland St.,Northern CO,Portland St.,Total (Over),Over 155.5,Over,155.5,+500
MP2056,College Basketball,561-492-11,Hawaii @ Cal Poly SLO,Hawaii,Cal Poly SLO,Spread (ATS),CP +5.5,CP,+5.5,+500
leolion9,College Basketball,700-621-14,Mercer @ VMI,Mercer,VMI,Spread (ATS),VMI +10.5,VMI,+10.5,+500
leolion9,College Basketball,700-621-14,NC A&T @ William & Mary,NC A&T,William & Mary,Spread (ATS),NCAT +12.5,NCAT,+12.5,+500
leolion9,College Basketball,700-621-14,Detroit Mercy @ Northern KY,Detroit Mercy,Northern KY,Spread (ATS),DET +10.5,DET,+10.5,+500
leolion9,College Basketball,700-621-14,Maine @ Vermont,Maine,Vermont,Spread (ATS),ME +13.5,ME,+13.5,+500
leolion9,College Basketball,700-621-14,Gonzaga @ Washington St.,Gonzaga,Washington St.,Spread (ATS),WSU +17.5,WSU,+17.5,+500
HarrisSports,College Basketball,520-455-5,Mercer @ VMI,Mercer,VMI,Total (Under),Under 153.5,Under,153.5,+500
HarrisSports,College Basketball,520-455-5,UMBC @ Bryant,UMBC,Bryant,Spread (ATS),UMBC +3.5,UMBC,+3.5,+500
HarrisSports,College Basketball,520-455-5,Hofstra @ Stony Brook,Hofstra,Stony Brook,Spread (ATS),HOF -7.5,HOF,-7.5,+500
HarrisSports,College Basketball,520-455-5,Elon University @ Northeastern,Elon University,Northeastern,Total (Under),Under 160.5,Under,160.5,+500
HarrisSports,College Basketball,520-455-5,NC A&T @ William & Mary,NC A&T,William & Mary,Spread (ATS),WM -12.5,WM,-12.5,+500
HarrisSports,College Basketball,520-455-5,NC A&T @ William & Mary,NC A&T,William & Mary,Total (Under),Under 161.5,Under,161.5,+500
HarrisSports,College Basketball,520-455-5,Oakland @ Milwaukee,Oakland,Milwaukee,Spread (ATS),OAK -3.5,OAK,-3.5,+500
HarrisSports,College Basketball,520-455-5,Texas-El Paso @ Delaware,Texas-El Paso,Delaware,Total (Over),Over 126.5,Over,126.5,+500
HarrisSports,College Basketball,520-455-5,Youngstown St. @ Wright St.,Youngstown St.,Wright St.,Spread (ATS),WRST -6.5,WRST,-6.5,+500
HarrisSports,College Basketball,520-455-5,Old Dominion @ Georgia Southern,Old Dominion,Georgia Southern,Total (Over),Over 163.5,Over,163.5,+500
HarrisSports,College Basketball,520-455-5,Jacksonville @ Central Arkansas,Jacksonville,Central Arkansas,Spread (ATS),JAC +8.5,JAC,+8.5,+500
HarrisSports,College Basketball,520-455-5,Eastern Illinois @ Little Rock,Eastern Illinois,Little Rock,Total (Over),Over 133.5,Over,133.5,+500
HarrisSports,College Basketball,520-455-5,CA Baptist @ ACU,CA Baptist,ACU,Total (Over),Over 139.5,Over,139.5,+500
HarrisSports,College Basketball,520-455-5,Charleston @ Towson,Charleston,Towson,Spread (ATS),COFC +1.5,COFC,+1.5,+500
HarrisSports,College Basketball,520-455-5,Southern Indiana @ Tennessee Tech,Southern Indiana,Tennessee Tech,Total (Over),Over 144.5,Over,144.5,+500
HarrisSports,College Basketball,520-455-5,Idaho @ Idaho State,Idaho,Idaho State,Spread (ATS),IDST -2.5,IDST,-2.5,+500
HarrisSports,College Basketball,520-455-5,Wichita St. @ Florida Atlantic,Wichita St.,Florida Atlantic,Spread (ATS),WICH +4.5,WICH,+4.5,+500
HarrisSports,College Basketball,520-455-5,CSU Fullerton @ UC Davis,CSU Fullerton,UC Davis,Spread (ATS),CSF +3.5,CSF,+3.5,+500
HarrisSports,College Basketball,520-455-5,Northern CO @ Portland St.,Northern CO,Portland St.,Total (Over),Over 153.5,Over,153.5,+500
Gary62,College Basketball,624-550-9,New Mexico St. @ Liberty,New Mexico St.,Liberty,Spread (ATS),NMSU +8.5,NMSU,+8.5,+500
Gary62,College Basketball,624-550-9,Mercer @ VMI,Mercer,VMI,Spread (ATS),VMI +9.5,VMI,+9.5,+500
Gary62,College Basketball,624-550-9,NJIT @ UMass Lowell,NJIT,UMass Lowell,Spread (ATS),NJIT +5.5,NJIT,+5.5,+500
Gary62,College Basketball,624-550-9,UMBC @ Bryant,UMBC,Bryant,Spread (ATS),UMBC +3.5,UMBC,+3.5,+500
Gary62,College Basketball,624-550-9,James Madison @ Appalachian St.,James Madison,Appalachian St.,Spread (ATS),JMU +1.5,JMU,+1.5,+500
Gary62,College Basketball,624-550-9,Robert Morris @ IUPUI,Robert Morris,IUPUI,Spread (ATS),IUPU +4.5,IUPU,+4.5,+500
Gary62,College Basketball,624-550-9,Binghamton @ Albany,Binghamton,Albany,Spread (ATS),BING +2.5,BING,+2.5,+500
Gary62,College Basketball,624-550-9,Elon University @ Northeastern,Elon University,Northeastern,Spread (ATS),NE +2.5,NE,+2.5,+500
Gary62,College Basketball,624-550-9,NC A&T @ William & Mary,NC A&T,William & Mary,Spread (ATS),NCAT +12.5,NCAT,+12.5,+500
Gary62,College Basketball,624-550-9,Drexel @ Monmouth-NJ,Drexel,Monmouth-NJ,Spread (ATS),DREX +5.5,DREX,+5.5,+500
Gary62,College Basketball,624-550-9,Hofstra @ Stony Brook,Hofstra,Stony Brook,Spread (ATS),STON +7.5,STON,+7.5,+500
Gary62,College Basketball,624-550-9,West Georgia @ Stetson,West Georgia,Stetson,Spread (ATS),STET +3.5,STET,+3.5,+500
Gary62,College Basketball,624-550-9,Oakland @ Milwaukee,Oakland,Milwaukee,Spread (ATS),MILW +2.5,MILW,+2.5,+500
Gary62,College Basketball,624-550-9,Detroit Mercy @ Northern KY,Detroit Mercy,Northern KY,Spread (ATS),DET +9.5,DET,+9.5,+500
Gary62,College Basketball,624-550-9,Texas-El Paso @ Delaware,Texas-El Paso,Delaware,Spread (ATS),UTEP +2.5,UTEP,+2.5,+500
Gary62,College Basketball,624-550-9,Queens NC @ FGCU,Queens NC,FGCU,Spread (ATS),FGCU +2.5,FGCU,+2.5,+500
Gary62,College Basketball,624-550-9,North Florida @ North Alabama,North Florida,North Alabama,Spread (ATS),UNF +9.5,UNF,+9.5,+500
Gary62,College Basketball,624-550-9,Old Dominion @ Georgia Southern,Old Dominion,Georgia Southern,Spread (ATS),ODU +6.5,ODU,+6.5,+500
Gary62,College Basketball,624-550-9,Maine @ Vermont,Maine,Vermont,Spread (ATS),ME +13.5,ME,+13.5,+500
Gary62,College Basketball,624-550-9,The Citadel @ UNC Greensboro,The Citadel,UNC Greensboro,Spread (ATS),CIT +9.5,CIT,+9.5,+500
Gary62,College Basketball,624-550-9,Youngstown St. @ Wright St.,Youngstown St.,Wright St.,Spread (ATS),YSU +6.5,YSU,+6.5,+500
Gary62,College Basketball,624-550-9,Green Bay @ Cleveland St.,Green Bay,Cleveland St.,Spread (ATS),CLEV +2.5,CLEV,+2.5,+500
Gary62,College Basketball,624-550-9,Kansas City @ South Dakota,Kansas City,South Dakota,Spread (ATS),UMKC +7.5,UMKC,+7.5,+500
Gary62,College Basketball,624-550-9,Eastern Illinois @ Little Rock,Eastern Illinois,Little Rock,Spread (ATS),EIU +6.5,EIU,+6.5,+500
Gary62,College Basketball,624-550-9,Arkansas St. @ South Alabama,Arkansas St.,South Alabama,Spread (ATS),USA +3.5,USA,+3.5,+500
Gary62,College Basketball,624-550-9,Bellarmine @ Lipscomb,Bellarmine,Lipscomb,Spread (ATS),BELL +8.5,BELL,+8.5,+500
Gary62,College Basketball,624-550-9,CA Baptist @ ACU,CA Baptist,ACU,Spread (ATS),CBU +1.5,CBU,+1.5,+500
Gary62,College Basketball,624-550-9,St. Thomas (MN) @ North Dakota,St. Thomas (MN),North Dakota,Spread (ATS),UND +9.5,UND,+9.5,+500
Gary62,College Basketball,624-550-9,Eastern Kentucky @ Austin Peay,Eastern Kentucky,Austin Peay,Spread (ATS),EKY +7.5,EKY,+7.5,+500
Gary62,College Basketball,624-550-9,Charleston @ Towson,Charleston,Towson,Spread (ATS),COFC +2.5,COFC,+2.5,+500
Gary62,College Basketball,624-550-9,Morehead St. @ Tennessee St.,Morehead St.,Tennessee St.,Spread (ATS),MORE +8.5,MORE,+8.5,+500
Gary62,College Basketball,624-550-9,SIU Edwardsville @ Tenn-Martin,SIU Edwardsville,Tenn-Martin,Spread (ATS),SIUE +8.5,SIUE,+8.5,+500
Gary62,College Basketball,624-550-9,Southern Indiana @ Tennessee Tech,Southern Indiana,Tennessee Tech,Spread (ATS),USI +5.5,USI,+5.5,+500
Gary62,College Basketball,624-550-9,Tarleton State @ Southern Utah,Tarleton State,Southern Utah,Spread (ATS),SUU +5.5,SUU,+5.5,+500
Gary62,College Basketball,624-550-9,Lindenwood @ SE Missouri St.,Lindenwood,SE Missouri St.,Spread (ATS),LINW +6.5,LINW,+6.5,+500
Gary62,College Basketball,624-550-9,Eastern WA @ Weber St.,Eastern WA,Weber St.,Spread (ATS),EWU +5.5,EWU,+5.5,+500
Gary62,College Basketball,624-550-9,Idaho @ Idaho State,Idaho,Idaho State,Spread (ATS),IDHO +3.5,IDHO,+3.5,+500
Gary62,College Basketball,624-550-9,Wichita St. @ Florida Atlantic,Wichita St.,Florida Atlantic,Spread (ATS),WICH +4.5,WICH,+4.5,+500
Gary62,College Basketball,624-550-9,Texas-Arlington @ Utah Tech,Texas-Arlington,Utah Tech,Spread (ATS),UTA +1.5,UTA,+1.5,+500
Gary62,College Basketball,624-550-9,CSU Fullerton @ UC Davis,CSU Fullerton,UC Davis,Spread (ATS),CSF +3.5,CSF,+3.5,+500
Gary62,College Basketball,624-550-9,UC Santa Barbara @ CSU Bakersfield,UC Santa Barbara,CSU Bakersfield,Spread (ATS),CSB +5.5,CSB,+5.5,+500
Gary62,College Basketball,624-550-9,San Diego @ Seattle,San Diego,Seattle,Spread (ATS),USD +9.5,USD,+9.5,+500
Gary62,College Basketball,624-550-9,Gonzaga @ Washington St.,Gonzaga,Washington St.,Spread (ATS),WSU +18.5,WSU,+18.5,+500
Gary62,College Basketball,624-550-9,UC Riverside @ Long Beach St.,UC Riverside,Long Beach St.,Spread (ATS),UCRV +5.5,UCRV,+5.5,+500
Gary62,College Basketball,624-550-9,Northern Arizona @ Sacramento State,Northern Arizona,Sacramento State,Spread (ATS),NAU +3.5,NAU,+3.5,+500
Gary62,College Basketball,624-550-9,CSU Northridge @ UC San Diego,CSU Northridge,UC San Diego,Spread (ATS),CSN +9.5,CSN,+9.5,+500
Gary62,College Basketball,624-550-9,Northern CO @ Portland St.,Northern CO,Portland St.,Spread (ATS),UNCO +3.5,UNCO,+3.5,+500
Gary62,College Basketball,624-550-9,Hawaii @ Cal Poly SLO,Hawaii,Cal Poly SLO,Spread (ATS),CP +6.5,CP,+6.5,+500
kk1647,College Basketball,40-20-0,Hofstra @ Stony Brook,Hofstra,Stony Brook,Spread (ATS),STON +7.5,STON,+7.5,+500
kk1647,College Basketball,40-20-0,St. Thomas (MN) @ North Dakota,St. Thomas (MN),North Dakota,Spread (ATS),UND +9.5,UND,+9.5,+500
kk1647,College Basketball,40-20-0,Gonzaga @ Washington St.,Gonzaga,Washington St.,Spread (ATS),WSU +17.5,WSU,+17.5,+500
kk1647,College Basketball,40-20-0,Hawaii @ Cal Poly SLO,Hawaii,Cal Poly SLO,Spread (ATS),CP +5.5,CP,+5.5,+500
AlexL25,College Basketball,100-74-0,Mercer @ VMI,Mercer,VMI,Total (Under),Under 153.5,Under,153.5,+500
AlexL25,College Basketball,100-74-0,UMBC @ Bryant,UMBC,Bryant,Spread (ATS),UMBC +3.5,UMBC,+3.5,+500
AlexL25,College Basketball,100-74-0,NJIT @ UMass Lowell,NJIT,UMass Lowell,Spread (ATS),MASSL -5.5,MASSL,-5.5,+400
AlexL25,College Basketball,100-74-0,Robert Morris @ IUPUI,Robert Morris,IUPUI,Spread (ATS),RMU -5.5,RMU,-5.5,+500
AlexL25,College Basketball,100-74-0,Binghamton @ Albany,Binghamton,Albany,Spread (ATS),ALBY -2.5,ALBY,-2.5,+500
AlexL25,College Basketball,100-74-0,Texas-El Paso @ Delaware,Texas-El Paso,Delaware,Spread (ATS),DEL -2.5,DEL,-2.5,+500
AlexL25,College Basketball,100-74-0,Elon University @ Northeastern,Elon University,Northeastern,Total (Under),Under 160.5,Under,160.5,+300
AlexL25,College Basketball,100-74-0,Jacksonville @ Central Arkansas,Jacksonville,Central Arkansas,Total (Under),Under 135.5,Under,135.5,+500
AlexL25,College Basketball,100-74-0,CA Baptist @ ACU,CA Baptist,ACU,Total (Over),Over 136.5,Over,136.5,+500
AlexL25,College Basketball,100-74-0,Lindenwood @ SE Missouri St.,Lindenwood,SE Missouri St.,Spread (ATS),LINW +6.5,LINW,+6.5,+500
AlexL25,College Basketball,100-74-0,Eastern WA @ Weber St.,Eastern WA,Weber St.,Total (Over),Over 159.5,Over,159.5,+500
AlexL25,College Basketball,100-74-0,Wichita St. @ Florida Atlantic,Wichita St.,Florida Atlantic,Total (Under),Under 153.5,Under,153.5,+500
AlexL25,College Basketball,100-74-0,UC Santa Barbara @ CSU Bakersfield,UC Santa Barbara,CSU Bakersfield,Total (Under),Under 147.5,Under,147.5,+500
AlexL25,College Basketball,100-74-0,Gonzaga @ Washington St.,Gonzaga,Washington St.,Total (Over),Over 156.5,Over,156.5,+400
AlexL25,College Basketball,100-74-0,Northern CO @ Portland St.,Northern CO,Portland St.,Spread (ATS),UNCO +3.5,UNCO,+3.5,+500
pitino1,College Basketball,355-303-5,New Mexico St. @ Liberty,New Mexico St.,Liberty,Spread (ATS),LIB -9.5,LIB,-9.5,+200
pitino1,College Basketball,355-303-5,Elon University @ Northeastern,Elon University,Northeastern,Spread (ATS),ELON -3.5,ELON,-3.5,+500
pitino1,College Basketball,355-303-5,Oakland @ Milwaukee,Oakland,Milwaukee,Spread (ATS),MILW +2.5,MILW,+2.5,+500
pitino1,College Basketball,355-303-5,Charleston @ Towson,Charleston,Towson,Spread (ATS),TOWS -1.5,TOWS,-1.5,+300
pitino1,College Basketball,355-303-5,Lindenwood @ SE Missouri St.,Lindenwood,SE Missouri St.,Spread (ATS),LINW +6.5,LINW,+6.5,+500
pitino1,College Basketball,355-303-5,Wichita St. @ Florida Atlantic,Wichita St.,Florida Atlantic,Spread (ATS),WICH +4.5,WICH,+4.5,+100
pitino1,College Basketball,355-303-5,Gonzaga @ Washington St.,Gonzaga,Washington St.,Spread (ATS),GONZ -17.5,GONZ,-17.5,+100
seadogs,College Basketball,338-292-1,Robert Morris @ IUPUI,Robert Morris,IUPUI,Total (Over),Over 157.5,Over,157.5,+500
seadogs,College Basketball,338-292-1,Old Dominion @ Georgia Southern,Old Dominion,Georgia Southern,Total (Under),Under 162.5,Under,162.5,+500
seadogs,College Basketball,338-292-1,Detroit Mercy @ Northern KY,Detroit Mercy,Northern KY,Total (Under),Under 157.5,Under,157.5,+500
seadogs,College Basketball,338-292-1,Green Bay @ Cleveland St.,Green Bay,Cleveland St.,Spread (ATS),CLEV +3.5,CLEV,+3.5,+500
seadogs,College Basketball,338-292-1,Green Bay @ Cleveland St.,Green Bay,Cleveland St.,Total (Over),Over 148.5,Over,148.5,+500
seadogs,College Basketball,338-292-1,CA Baptist @ ACU,CA Baptist,ACU,Spread (ATS),CBU +2.5,CBU,+2.5,+500
seadogs,College Basketball,338-292-1,CA Baptist @ ACU,CA Baptist,ACU,Total (Under),Under 138.5,Under,138.5,+500
seadogs,College Basketball,338-292-1,St. Thomas (MN) @ North Dakota,St. Thomas (MN),North Dakota,Spread (ATS),UND +9.5,UND,+9.5,+500
seadogs,College Basketball,338-292-1,Charleston @ Towson,Charleston,Towson,Total (Under),Under 141.5,Under,141.5,+500
seadogs,College Basketball,338-292-1,Arkansas St. @ South Alabama,Arkansas St.,South Alabama,Spread (ATS),USA +3.5,USA,+3.5,+500
seadogs,College Basketball,338-292-1,Arkansas St. @ South Alabama,Arkansas St.,South Alabama,Total (Under),Under 154.5,Under,154.5,+500
seadogs,College Basketball,338-292-1,SIU Edwardsville @ Tenn-Martin,SIU Edwardsville,Tenn-Martin,Spread (ATS),SIUE +8.5,SIUE,+8.5,+500
seadogs,College Basketball,338-292-1,Tarleton State @ Southern Utah,Tarleton State,Southern Utah,Spread (ATS),TST -5.5,TST,-5.5,+500
seadogs,College Basketball,338-292-1,Wichita St. @ Florida Atlantic,Wichita St.,Florida Atlantic,Spread (ATS),WICH +5.5,WICH,+5.5,+500
seadogs,College Basketball,338-292-1,Wichita St. @ Florida Atlantic,Wichita St.,Florida Atlantic,Total (Under),Under 154.5,Under,154.5,+500
MrCorrecto,College Basketball,452-396-7,UMBC @ Bryant,UMBC,Bryant,Spread (ATS),UMBC +3.5,UMBC,+3.5,+500
MrCorrecto,College Basketball,452-396-7,NJIT @ UMass Lowell,NJIT,UMass Lowell,Spread (ATS),MASSL -6.5,MASSL,-6.5,+500
MrCorrecto,College Basketball,452-396-7,Robert Morris @ IUPUI,Robert Morris,IUPUI,Spread (ATS),RMU -4.5,RMU,-4.5,+500
MrCorrecto,College Basketball,452-396-7,Hofstra @ Stony Brook,Hofstra,Stony Brook,Spread (ATS),HOF -7.5,HOF,-7.5,+500
MrCorrecto,College Basketball,452-396-7,Texas-El Paso @ Delaware,Texas-El Paso,Delaware,Total (Over),Over 126.5,Over,126.5,+500
MrCorrecto,College Basketball,452-396-7,Elon University @ Northeastern,Elon University,Northeastern,Total (Under),Under 160.5,Under,160.5,+500
MrCorrecto,College Basketball,452-396-7,NC A&T @ William & Mary,NC A&T,William & Mary,Spread (ATS),WM -12.5,WM,-12.5,+500
MrCorrecto,College Basketball,452-396-7,Oakland @ Milwaukee,Oakland,Milwaukee,Spread (ATS),OAK -3.5,OAK,-3.5,+500
MrCorrecto,College Basketball,452-396-7,Youngstown St. @ Wright St.,Youngstown St.,Wright St.,Spread (ATS),WRST -6.5,WRST,-6.5,+500
MrCorrecto,College Basketball,452-396-7,Old Dominion @ Georgia Southern,Old Dominion,Georgia Southern,Total (Over),Over 163.5,Over,163.5,+500
MrCorrecto,College Basketball,452-396-7,Jacksonville @ Central Arkansas,Jacksonville,Central Arkansas,Spread (ATS),JAC +9.5,JAC,+9.5,+500
MrCorrecto,College Basketball,452-396-7,Charleston @ Towson,Charleston,Towson,Spread (ATS),COFC +1.5,COFC,+1.5,+500
MrCorrecto,College Basketball,452-396-7,Texas-Arlington @ Utah Tech,Texas-Arlington,Utah Tech,Total (Over),Over 140.5,Over,140.5,+500
MrCorrecto,College Basketball,452-396-7,CSU Fullerton @ UC Davis,CSU Fullerton,UC Davis,Spread (ATS),CSF +3.5,CSF,+3.5,+500
MrCorrecto,College Basketball,452-396-7,Idaho @ Idaho State,Idaho,Idaho State,Spread (ATS),IDST -3.5,IDST,-3.5,+500
MrCorrecto,College Basketball,452-396-7,Wichita St. @ Florida Atlantic,Wichita St.,Florida Atlantic,Spread (ATS),WICH +4.5,WICH,+4.5,+500
MrCorrecto,College Basketball,452-396-7,Gonzaga @ Washington St.,Gonzaga,Washington St.,Spread (ATS),WSU +17.5,WSU,+17.5,+500
MrCorrecto,College Basketball,452-396-7,Northern CO @ Portland St.,Northern CO,Portland St.,Spread (ATS),PRST -2.5,PRST,-2.5,+500
MrCorrecto,College Basketball,452-396-7,Northern CO @ Portland St.,Northern CO,Portland St.,Total (Over),Over 153.5,Over,153.5,+500
MrECapps,College Basketball,59-40-2,Kansas City @ South Dakota,Kansas City,South Dakota,Spread (ATS),SDAK -7.5,SDAK,-7.5,+500
MrECapps,College Basketball,59-40-2,Lindenwood @ SE Missouri St.,Lindenwood,SE Missouri St.,Spread (ATS),LINW +6.5,LINW,+6.5,+500
